Workbook

Sheet README
A1: Lab Supply & Vendor Performance Tracker
A2: Portfolio project by Dennis Nguyen. ALL DATA IS SYNTHETIC (randomly generated); vendor names are fictional.
A4: Problem: a QC microbiology lab depends on time-sensitive materials (media with 60-120 day shelf life,
A5: biological indicators, reagents). Late deliveries and expiring lots cause testing delays and waste.
A7: What this workbook does:
A8: PurchaseOrders - 12 months of POs; formulas compute lead time, on-time flag, and days late.
A9: Inventory - lots on hand; formulas compute days to expiry and Expired / Expiring / OK status.
A10: ReorderAlerts - usable (non-expired) stock vs. minimum; flags items to reorder and suggests qty.
A11: VendorScorecard - orders, spend, avg lead time, on-time % per vendor (COUNTIFS/SUMIFS/AVERAGEIFS).
A12: Dashboard - headline KPIs, on-time % by vendor chart, monthly spend trend.
A14: Automation: import vba/VendorTracker.bas (Alt+F11 > File > Import) and save as .xlsm. Macros:
A15: RefreshAll_And_Stamp - recalculates, sorts the reorder list, and timestamps the dashboard.
... A19: 'As of' date for all calculations is fixed at 2026-10-01 (cell Dashboard!B2) so results are reproducible.

Sheet Dashboard
A1: Lab Supply & Vendor Dashboard (synthetic data) | D1: Month | E1: Spend
A2: As-of date | B2: 46296 | D2: 45931 | E2: =SUMIFS(PurchaseOrders!$I$2:$I$321,PurchaseOrders!$M$2:$M$321,D2)
A3: Total spend (12 mo) | B3: =SUM(PurchaseOrders!I2:I321) | D3: 45962 | E3: =SUMIFS(PurchaseOrders!$I$2:$I$321,PurchaseOrders!$M$2:$M$321,D3)
A4: Purchase orders | B4: =COUNTA(PurchaseOrders!A2:A321) | D4: 45992 | E4: =SUMIFS(PurchaseOrders!$I$2:$I$321,PurchaseOrders!$M$2:$M$321,D4)
A5: Overall on-time delivery % | B5: =COUNTIF(PurchaseOrders!K2:K321,"Yes")/COUNTIF(PurchaseOrders!K2:K321,"<>Open") | D5: 46023 | E5: =SUMIFS(PurchaseOrders!$I$2:$I$321,PurchaseOrders!$M$2:$M$321,D5)
A6: Avg lead time (days) | B6: =AVERAGEIF(PurchaseOrders!K2:K321,"<>Open",PurchaseOrders!J2:J321) | D6: 46054 | E6: =SUMIFS(PurchaseOrders!$I$2:$I$321,PurchaseOrders!$M$2:$M$321,D6)
A7: Open POs | B7: =COUNTIF(PurchaseOrders!K2:K321,"Open") | D7: 46082 | E7: =SUMIFS(PurchaseOrders!$I$2:$I$321,PurchaseOrders!$M$2:$M$321,D7)
A8: Items below reorder point | B8: =COUNTIF(ReorderAlerts!G2:G25,"YES") | D8: 46113 | E8: =SUMIFS(PurchaseOrders!$I$2:$I$321,PurchaseOrders!$M$2:$M$321,D8)
A9: Lots expired | B9: =COUNTIF(Inventory!G2:G50,"Expired") | D9: 46143 | E9: =SUMIFS(PurchaseOrders!$I$2:$I$321,PurchaseOrders!$M$2:$M$321,D9)
A10: Lots expiring within 30 days | B10: =COUNTIF(Inventory!G2:G50,"Expiring") | D10: 46174 | E10: =SUMIFS(PurchaseOrders!$I$2:$I$321,PurchaseOrders!$M$2:$M$321,D10)
A11: Last refreshed (macro) | D11: 46204 | E11: =SUMIFS(PurchaseOrders!$I$2:$I$321,PurchaseOrders!$M$2:$M$321,D11)
D12: 46235 | E12: =SUMIFS(PurchaseOrders!$I$2:$I$321,PurchaseOrders!$M$2:$M$321,D12)
D13: 46266 | E13: =SUMIFS(PurchaseOrders!$I$2:$I$321,PurchaseOrders!$M$2:$M$321,D13)

Sheet Vendors
A1: VendorID | B1: VendorName | C1: Category | D1: QuotedLeadDays
A2: V01 | B2: Northstar Media Supply | C2: Culture media | D2: 10
A3: V02 | B3: Pacific BioReagents | C3: Reagents | D3: 14
A4: V03 | B4: CleanLab Consumables | C4: Consumables | D4: 7
A5: V04 | B5: Sterile Source Inc. | C5: Sterility supplies | D5: 12
A6: V05 | B6: Coastal Gas & Air | C6: Compressed gas | D6: 5
A7: V06 | B7: Apex Calibration Svcs | C7: Calibration | D7: 21
A8: V07 | B8: BioIndicator Labs | C8: Biological indicators | D8: 18
A9: V08 | B9: Summit Glassware | C9: Glassware | D9: 9

Sheet Items
A1: SKU | B1: Description | C1: VendorID | D1: UnitCost | E1: ShelfLifeDays | F1: MinStock | G1: ReorderQty
A2: MED-001 | B2: Tryptic Soy Agar plates (10/pk) | C2: V01 | D2: 28.5 | E2: 90 | F2: 40 | G2: 60
A3: MED-002 | B3: Sabouraud Dextrose Agar plates (10/pk) | C3: V01 | D3: 31 | E3: 90 | F3: 20 | G3: 30
A4: MED-003 | B4: R2A Agar plates (10/pk) | C4: V01 | D4: 34.25 | E4: 60 | F4: 15 | G4: 25
A5: MED-004 | B5: Contact plates, TSA w/ neutralizer (20/pk) | C5: V01 | D5: 46 | E5: 75 | F5: 30 | G5: 40
A6: MED-005 | B6: Fluid Thioglycollate tubes (25/pk) | C6: V01 | D6: 52.75 | E6: 120 | F6: 10 | G6: 20
A7: RGT-001 | B7: Gram stain kit | C7: V02 | D7: 89 | E7: 365 | F7: 4 | G7: 6
A8: RGT-002 | B8: Endotoxin LAL reagent kit | C8: V02 | D8: 412 | E8: 180 | F8: 3 | G8: 5
A9: RGT-003 | B9: Catalase reagent (100 mL) | C9: V02 | D9: 24.5 | E9: 270 | F9: 5 | G9: 10
A10: RGT-004 | B10: ID panel cartridges (20/box) | C10: V02 | D10: 265 | E10: 240 | F10: 6 | G10: 8
A11: CON-001 | B11: Sterile pipette tips 1000 uL (960/cs) | C11: V03 | D11: 118 | E11: 0 | F11: 8 | G11: 12
A12: CON-002 | B12: Sterile swabs (100/pk) | C12: V03 | D12: 19.75 | E12: 730 | F12: 15 | G12: 25
A13: CON-003 | B13: Nitrile gloves M (1000/cs) | C13: V03 | D13: 72 | E13: 0 | F13: 10 | G13: 15
... A25: GLS-002 | B25: Petri dish glass (12/cs) | C25: V08 | D25: 58.5 | E25: 0 | F25: 3 | G25: 5

Sheet PurchaseOrders
A1: PO | B1: SKU | C1: VendorID | D1: OrderDate | E1: PromisedDate | F1: ReceivedDate | G1: Qty | H1: UnitCost | I1: LineTotal | J1: LeadTimeDays | K1: OnTime | L1: DaysLate | M1: OrderMonth
A2: PO-24002 | B2: GAS-001 | C2: =INDEX(Items!$C$2:$C$25,MATCH(B2,Items!$A$2:$A$25,0)) | D2: 45931 | E2: 45936 | F2: 45933 | G2: 4 | H2: =INDEX(Items!$D$2:$D$25,MATCH(B2,Items!$A$2:$A$25,0)) | I2: =G2*H2 | J2: =IF(F2="","",F2-D2) | K2: =IF(F2="","Open",IF(F2<=E2,"Yes","No")) | L2: =IF(F2="","",MAX(0,F2-E2)) | M2: =DATE(YEAR(D2),MONTH(D2),1)
A3: PO-24003 | B3: MED-002 | C3: =INDEX(Items!$C$2:$C$25,MATCH(B3,Items!$A$2:$A$25,0)) | D3: 45934 | E3: 45944 | F3: 45943 | G3: 14 | H3: =INDEX(Items!$D$2:$D$25,MATCH(B3,Items!$A$2:$A$25,0)) | I3: =G3*H3 | J3: =IF(F3="","",F3-D3) | K3: =IF(F3="","Open",IF(F3<=E3,"Yes","No")) | L3: =IF(F3="","",MAX(0,F3-E3)) | M3: =DATE(YEAR(D3),MONTH(D3),1)
A4: PO-24004 | B4: CON-002 | C4: =INDEX(Items!$C$2:$C$25,MATCH(B4,Items!$A$2:$A$25,0)) | D4: 45939 | E4: 45946 | F4: 45946 | G4: 12 | H4: =INDEX(Items!$D$2:$D$25,MATCH(B4,Items!$A$2:$A$25,0)) | I4: =G4*H4 | J4: =IF(F4="","",F4-D4) | K4: =IF(F4="","Open",IF(F4<=E4,"Yes","No")) | L4: =IF(F4="","",MAX(0,F4-E4)) | M4: =DATE(YEAR(D4),MONTH(D4),1)
A5: PO-24005 | B5: STR-001 | C5: =INDEX(Items!$C$2:$C$25,MATCH(B5,Items!$A$2:$A$25,0)) | D5: 45947 | E5: 45959 | F5: 45963 | G5: 2 | H5: =INDEX(Items!$D$2:$D$25,MATCH(B5,Items!$A$2:$A$25,0)) | I5: =G5*H5 | J5: =IF(F5="","",F5-D5) | K5: =IF(F5="","Open",IF(F5<=E5,"Yes","No")) | L5: =IF(F5="","",MAX(0,F5-E5)) | M5: =DATE(YEAR(D5),MONTH(D5),1)
A6: PO-24006 | B6: CON-004 | C6: =INDEX(Items!$C$2:$C$25,MATCH(B6,Items!$A$2:$A$25,0)) | D6: 45952 | E6: 45959 | F6: 45956 | G6: 2 | H6: =INDEX(Items!$D$2:$D$25,MATCH(B6,Items!$A$2:$A$25,0)) | I6: =G6*H6 | J6: =IF(F6="","",F6-D6) | K6: =IF(F6="","Open",IF(F6<=E6,"Yes","No")) | L6: =IF(F6="","",MAX(0,F6-E6)) | M6: =DATE(YEAR(D6),MONTH(D6),1)
A7: PO-24007 | B7: MED-005 | C7: =INDEX(Items!$C$2:$C$25,MATCH(B7,Items!$A$2:$A$25,0)) | D7: 45952 | E7: 45962 | F7: 45962 | G7: 15 | H7: =INDEX(Items!$D$2:$D$25,MATCH(B7,Items!$A$2:$A$25,0)) | I7: =G7*H7 | J7: =IF(F7="","",F7-D7) | K7: =IF(F7="","Open",IF(F7<=E7,"Yes","No")) | L7: =IF(F7="","",MAX(0,F7-E7)) | M7: =DATE(YEAR(D7),MONTH(D7),1)
A8: PO-24008 | B8: CAL-002 | C8: =INDEX(Items!$C$2:$C$25,MATCH(B8,Items!$A$2:$A$25,0)) | D8: 45956 | E8: 45977 | F8: 45975 | G8: 4 | H8: =INDEX(Items!$D$2:$D$25,MATCH(B8,Items!$A$2:$A$25,0)) | I8: =G8*H8 | J8: =IF(F8="","",F8-D8) | K8: =IF(F8="","Open",IF(F8<=E8,"Yes","No")) | L8: =IF(F8="","",MAX(0,F8-E8)) | M8: =DATE(YEAR(D8),MONTH(D8),1)
A9: PO-24009 | B9: CAL-002 | C9: =INDEX(Items!$C$2:$C$25,MATCH(B9,Items!$A$2:$A$25,0)) | D9: 45957 | E9: 45978 | F9: 45976 | G9: 1 | H9: =INDEX(Items!$D$2:$D$25,MATCH(B9,Items!$A$2:$A$25,0)) | I9: =G9*H9 | J9: =IF(F9="","",F9-D9) | K9: =IF(F9="","Open",IF(F9<=E9,"Yes","No")) | L9: =IF(F9="","",MAX(0,F9-E9)) | M9: =DATE(YEAR(D9),MONTH(D9),1)
A10: PO-24010 | B10: STR-002 | C10: =INDEX(Items!$C$2:$C$25,MATCH(B10,Items!$A$2:$A$25,0)) | D10: 45957 | E10: 45969 | F10: 45968 | G10: 6 | H10: =INDEX(Items!$D$2:$D$25,MATCH(B10,Items!$A$2:$A$25,0)) | I10: =G10*H10 | J10: =IF(F10="","",F10-D10) | K10: =IF(F10="","Open",IF(F10<=E10,"Yes","No")) | L10: =IF(F10="","",MAX(0,F10-E10)) | M10: =DATE(YEAR(D10),MONTH(D10),1)
A11: PO-24011 | B11: CON-002 | C11: =INDEX(Items!$C$2:$C$25,MATCH(B11,Items!$A$2:$A$25,0)) | D11: 45959 | E11: 45966 | F11: 45966 | G11: 18 | H11: =INDEX(Items!$D$2:$D$25,MATCH(B11,Items!$A$2:$A$25,0)) | I11: =G11*H11 | J11: =IF(F11="","",F11-D11) | K11: =IF(F11="","Open",IF(F11<=E11,"Yes","No")) | L11: =IF(F11="","",MAX(0,F11-E11)) | M11: =DATE(YEAR(D11),MONTH(D11),1)
A12: PO-24012 | B12: RGT-003 | C12: =INDEX(Items!$C$2:$C$25,MATCH(B12,Items!$A$2:$A$25,0)) | D12: 45960 | E12: 45974 | F12: 45974 | G12: 2 | H12: =INDEX(Items!$D$2:$D$25,MATCH(B12,Items!$A$2:$A$25,0)) | I12: =G12*H12 | J12: =IF(F12="","",F12-D12) | K12: =IF(F12="","Open",IF(F12<=E12,"Yes","No")) | L12: =IF(F12="","",MAX(0,F12-E12)) | M12: =DATE(YEAR(D12),MONTH(D12),1)
A13: PO-24013 | B13: MED-005 | C13: =INDEX(Items!$C$2:$C$25,MATCH(B13,Items!$A$2:$A$25,0)) | D13: 45962 | E13: 45972 | F13: 45970 | G13: 30 | H13: =INDEX(Items!$D$2:$D$25,MATCH(B13,Items!$A$2:$A$25,0)) | I13: =G13*H13 | J13: =IF(F13="","",F13-D13) | K13: =IF(F13="","Open",IF(F13<=E13,"Yes","No")) | L13: =IF(F13="","",MAX(0,F13-E13)) | M13: =DATE(YEAR(D13),MONTH(D13),1)
... A308: PO-24308 | B308: STR-002 | C308: =INDEX(Items!$C$2:$C$25,MATCH(B308,Items!$A$2:$A$25,0)) | D308: 46283 | E308: 46295 | F308: 46293 | G308: 2 | H308: =INDEX(Items!$D$2:$D$25,MATCH(B308,Items!$A$2:$A$25,0)) | I308: =G308*H308 | J308: =IF(F308="","",F308-D308) | K308: =IF(F308="","Open",IF(F308<=E308,"Yes","No")) | L308: =IF(F308="","",MAX(0,F308-E308)) | M308: =DATE(YEAR(D308),MONTH(D308),1)
A309: PO-24309 | B309: CAL-001 | C309: =INDEX(Items!$C$2:$C$25,MATCH(B309,Items!$A$2:$A$25,0)) | D309: 46284 | E309: 46305 | G309: 5 | H309: =INDEX(Items!$D$2:$D$25,MATCH(B309,Items!$A$2:$A$25,0)) | I309: =G309*H309 | J309: =IF(F309="","",F309-D309) | K309: =IF(F309="","Open",IF(F309<=E309,"Yes","No")) | L309: =IF(F309="","",MAX(0,F309-E309)) | M309: =DATE(YEAR(D309),MONTH(D309),1)
A310: PO-24310 | B310: GLS-002 | C310: =INDEX(Items!$C$2:$C$25,MATCH(B310,Items!$A$2:$A$25,0)) | D310: 46284 | E310: 46293 | F310: 46291 | G310: 4 | H310: =INDEX(Items!$D$2:$D$25,MATCH(B310,Items!$A$2:$A$25,0)) | I310: =G310*H310 | J310: =IF(F310="","",F310-D310) | K310: =IF(F310="","Open",IF(F310<=E310,"Yes","No")) | L310: =IF(F310="","",MAX(0,F310-E310)) | M310: =DATE(YEAR(D310),MONTH(D310),1)
A311: PO-24311 | B311: BIO-002 | C311: =INDEX(Items!$C$2:$C$25,MATCH(B311,Items!$A$2:$A$25,0)) | D311: 46286 | E311: 46304 | G311: 3 | H311: =INDEX(Items!$D$2:$D$25,MATCH(B311,Items!$A$2:$A$25,0)) | I311: =G311*H311 | J311: =IF(F311="","",F311-D311) | K311: =IF(F311="","Open",IF(F311<=E311,"Yes","No")) | L311: =IF(F311="","",MAX(0,F311-E311)) | M311: =DATE(YEAR(D311),MONTH(D311),1)
A312: PO-24312 | B312: BIO-002 | C312: =INDEX(Items!$C$2:$C$25,MATCH(B312,Items!$A$2:$A$25,0)) | D312: 46287 | E312: 46305 | G312: 5 | H312: =INDEX(Items!$D$2:$D$25,MATCH(B312,Items!$A$2:$A$25,0)) | I312: =G312*H312 | J312: =IF(F312="","",F312-D312) | K312: =IF(F312="","Open",IF(F312<=E312,"Yes","No")) | L312: =IF(F312="","",MAX(0,F312-E312)) | M312: =DATE(YEAR(D312),MONTH(D312),1)
A313: PO-24313 | B313: CAL-001 | C313: =INDEX(Items!$C$2:$C$25,MATCH(B313,Items!$A$2:$A$25,0)) | D313: 46287 | E313: 46308 | G313: 20 | H313: =INDEX(Items!$D$2:$D$25,MATCH(B313,Items!$A$2:$A$25,0)) | I313: =G313*H313 | J313: =IF(F313="","",F313-D313) | K313: =IF(F313="","Open",IF(F313<=E313,"Yes","No")) | L313: =IF(F313="","",MAX(0,F313-E313)) | M313: =DATE(YEAR(D313),MONTH(D313),1)
A314: PO-24314 | B314: CON-004 | C314: =INDEX(Items!$C$2:$C$25,MATCH(B314,Items!$A$2:$A$25,0)) | D314: 46287 | E314: 46294 | F314: 46293 | G314: 4 | H314: =INDEX(Items!$D$2:$D$25,MATCH(B314,Items!$A$2:$A$25,0)) | I314: =G314*H314 | J314: =IF(F314="","",F314-D314) | K314: =IF(F314="","Open",IF(F314<=E314,"Yes","No")) | L314: =IF(F314="","",MAX(0,F314-E314)) | M314: =DATE(YEAR(D314),MONTH(D314),1)
A315: PO-24315 | B315: STR-001 | C315: =INDEX(Items!$C$2:$C$25,MATCH(B315,Items!$A$2:$A$25,0)) | D315: 46287 | E315: 46299 | F315: 46296 | G315: 2 | H315: =INDEX(Items!$D$2:$D$25,MATCH(B315,Items!$A$2:$A$25,0)) | I315: =G315*H315 | J315: =IF(F315="","",F315-D315) | K315: =IF(F315="","Open",IF(F315<=E315,"Yes","No")) | L315: =IF(F315="","",MAX(0,F315-E315)) | M315: =DATE(YEAR(D315),MONTH(D315),1)
A316: PO-24316 | B316: STR-002 | C316: =INDEX(Items!$C$2:$C$25,MATCH(B316,Items!$A$2:$A$25,0)) | D316: 46288 | E316: 46300 | G316: 12 | H316: =INDEX(Items!$D$2:$D$25,MATCH(B316,Items!$A$2:$A$25,0)) | I316: =G316*H316 | J316: =IF(F316="","",F316-D316) | K316: =IF(F316="","Open",IF(F316<=E316,"Yes","No")) | L316: =IF(F316="","",MAX(0,F316-E316)) | M316: =DATE(YEAR(D316),MONTH(D316),1)
A317: PO-24317 | B317: CON-001 | C317: =INDEX(Items!$C$2:$C$25,MATCH(B317,Items!$A$2:$A$25,0)) | D317: 46289 | E317: 46296 | F317: 46293 | G317: 9 | H317: =INDEX(Items!$D$2:$D$25,MATCH(B317,Items!$A$2:$A$25,0)) | I317: =G317*H317 | J317: =IF(F317="","",F317-D317) | K317: =IF(F317="","Open",IF(F317<=E317,"Yes","No")) | L317: =IF(F317="","",MAX(0,F317-E317)) | M317: =DATE(YEAR(D317),MONTH(D317),1)
A318: PO-24318 | B318: BIO-001 | C318: =INDEX(Items!$C$2:$C$25,MATCH(B318,Items!$A$2:$A$25,0)) | D318: 46290 | E318: 46308 | G318: 4 | H318: =INDEX(Items!$D$2:$D$25,MATCH(B318,Items!$A$2:$A$25,0)) | I318: =G318*H318 | J318: =IF(F318="","",F318-D318) | K318: =IF(F318="","Open",IF(F318<=E318,"Yes","No")) | L318: =IF(F318="","",MAX(0,F318-E318)) | M318: =DATE(YEAR(D318),MONTH(D318),1)
A319: PO-24319 | B319: CAL-002 | C319: =INDEX(Items!$C$2:$C$25,MATCH(B319,Items!$A$2:$A$25,0)) | D319: 46290 | E319: 46311 | G319: 5 | H319: =INDEX(Items!$D$2:$D$25,MATCH(B319,Items!$A$2:$A$25,0)) | I319: =G319*H319 | J319: =IF(F319="","",F319-D319) | K319: =IF(F319="","Open",IF(F319<=E319,"Yes","No")) | L319: =IF(F319="","",MAX(0,F319-E319)) | M319: =DATE(YEAR(D319),MONTH(D319),1)
A320: PO-24320 | B320: GAS-002 | C320: =INDEX(Items!$C$2:$C$25,MATCH(B320,Items!$A$2:$A$25,0)) | D320: 46291 | E320: 46296 | F320: 46296 | G320: 6 | H320: =INDEX(Items!$D$2:$D$25,MATCH(B320,Items!$A$2:$A$25,0)) | I320: =G320*H320 | J320: =IF(F320="","",F320-D320) | K320: =IF(F320="","Open",IF(F320<=E320,"Yes","No")) | L320: =IF(F320="","",MAX(0,F320-E320)) | M320: =DATE(YEAR(D320),MONTH(D320),1)
A321: PO-24321 | B321: RGT-002 | C321: =INDEX(Items!$C$2:$C$25,MATCH(B321,Items!$A$2:$A$25,0)) | D321: 46291 | E321: 46305 | G321: 3 | H321: =INDEX(Items!$D$2:$D$25,MATCH(B321,Items!$A$2:$A$25,0)) | I321: =G321*H321 | J321: =IF(F321="","",F321-D321) | K321: =IF(F321="","Open",IF(F321<=E321,"Yes","No")) | L321: =IF(F321="","",MAX(0,F321-E321)) | M321: =DATE(YEAR(D321),MONTH(D321),1)

Sheet Inventory
A1: Lot | B1: SKU | C1: QtyOnHand | D1: ReceivedDate | E1: ExpiryDate | F1: DaysToExpiry | G1: Status
A2: L235215 | B2: MED-001 | C2: 38 | D2: 46191 | E2: =IF(INDEX(Items!$E$2:$E$25,MATCH(B2,Items!$A$2:$A$25,0))=0,"",D2+INDEX(Items!$E$2:$E$25,MATCH(B2,Items!$A$2:$A$25,0))) | F2: =IF(E2="","",E2-Dashboard!$B$2) | G2: =IF(E2="","No expiry",IF(F2<0,"Expired",IF(F2<=30,"Expiring","OK")))
A3: L424620 | B3: MED-001 | C3: 35 | D3: 46270 | E3: =IF(INDEX(Items!$E$2:$E$25,MATCH(B3,Items!$A$2:$A$25,0))=0,"",D3+INDEX(Items!$E$2:$E$25,MATCH(B3,Items!$A$2:$A$25,0))) | F3: =IF(E3="","",E3-Dashboard!$B$2) | G3: =IF(E3="","No expiry",IF(F3<0,"Expired",IF(F3<=30,"Expiring","OK")))
A4: L774751 | B4: MED-001 | C4: 50 | D4: 46195 | E4: =IF(INDEX(Items!$E$2:$E$25,MATCH(B4,Items!$A$2:$A$25,0))=0,"",D4+INDEX(Items!$E$2:$E$25,MATCH(B4,Items!$A$2:$A$25,0))) | F4: =IF(E4="","",E4-Dashboard!$B$2) | G4: =IF(E4="","No expiry",IF(F4<0,"Expired",IF(F4<=30,"Expiring","OK")))
A5: L802667 | B5: MED-002 | C5: 22 | D5: 46259 | E5: =IF(INDEX(Items!$E$2:$E$25,MATCH(B5,Items!$A$2:$A$25,0))=0,"",D5+INDEX(Items!$E$2:$E$25,MATCH(B5,Items!$A$2:$A$25,0))) | F5: =IF(E5="","",E5-Dashboard!$B$2) | G5: =IF(E5="","No expiry",IF(F5<0,"Expired",IF(F5<=30,"Expiring","OK")))
A6: L197992 | B6: MED-002 | C6: 20 | D6: 46157 | E6: =IF(INDEX(Items!$E$2:$E$25,MATCH(B6,Items!$A$2:$A$25,0))=0,"",D6+INDEX(Items!$E$2:$E$25,MATCH(B6,Items!$A$2:$A$25,0))) | F6: =IF(E6="","",E6-Dashboard!$B$2) | G6: =IF(E6="","No expiry",IF(F6<0,"Expired",IF(F6<=30,"Expiring","OK")))
A7: L633188 | B7: MED-003 | C7: 11 | D7: 46183 | E7: =IF(INDEX(Items!$E$2:$E$25,MATCH(B7,Items!$A$2:$A$25,0))=0,"",D7+INDEX(Items!$E$2:$E$25,MATCH(B7,Items!$A$2:$A$25,0))) | F7: =IF(E7="","",E7-Dashboard!$B$2) | G7: =IF(E7="","No expiry",IF(F7<0,"Expired",IF(F7<=30,"Expiring","OK")))
A8: L480211 | B8: MED-003 | C8: 9 | D8: 46287 | E8: =IF(INDEX(Items!$E$2:$E$25,MATCH(B8,Items!$A$2:$A$25,0))=0,"",D8+INDEX(Items!$E$2:$E$25,MATCH(B8,Items!$A$2:$A$25,0))) | F8: =IF(E8="","",E8-Dashboard!$B$2) | G8: =IF(E8="","No expiry",IF(F8<0,"Expired",IF(F8<=30,"Expiring","OK")))
A9: L324597 | B9: MED-003 | C9: 10 | D9: 46245 | E9: =IF(INDEX(Items!$E$2:$E$25,MATCH(B9,Items!$A$2:$A$25,0))=0,"",D9+INDEX(Items!$E$2:$E$25,MATCH(B9,Items!$A$2:$A$25,0))) | F9: =IF(E9="","",E9-Dashboard!$B$2) | G9: =IF(E9="","No expiry",IF(F9<0,"Expired",IF(F9<=30,"Expiring","OK")))
A10: L337547 | B10: MED-004 | C10: 8 | D10: 46242 | E10: =IF(INDEX(Items!$E$2:$E$25,MATCH(B10,Items!$A$2:$A$25,0))=0,"",D10+INDEX(Items!$E$2:$E$25,MATCH(B10,Items!$A$2:$A$25,0))) | F10: =IF(E10="","",E10-Dashboard!$B$2) | G10: =IF(E10="","No expiry",IF(F10<0,"Expired",IF(F10<=30,"Expiring","OK")))
A11: L180913 | B11: MED-004 | C11: 18 | D11: 46252 | E11: =IF(INDEX(Items!$E$2:$E$25,MATCH(B11,Items!$A$2:$A$25,0))=0,"",D11+INDEX(Items!$E$2:$E$25,MATCH(B11,Items!$A$2:$A$25,0))) | F11: =IF(E11="","",E11-Dashboard!$B$2) | G11: =IF(E11="","No expiry",IF(F11<0,"Expired",IF(F11<=30,"Expiring","OK")))
A12: L908320 | B12: MED-005 | C12: 17 | D12: 46162 | E12: =IF(INDEX(Items!$E$2:$E$25,MATCH(B12,Items!$A$2:$A$25,0))=0,"",D12+INDEX(Items!$E$2:$E$25,MATCH(B12,Items!$A$2:$A$25,0))) | F12: =IF(E12="","",E12-Dashboard!$B$2) | G12: =IF(E12="","No expiry",IF(F12<0,"Expired",IF(F12<=30,"Expiring","OK")))
A13: L139581 | B13: RGT-001 | C13: 5 | D13: 46157 | E13: =IF(INDEX(Items!$E$2:$E$25,MATCH(B13,Items!$A$2:$A$25,0))=0,"",D13+INDEX(Items!$E$2:$E$25,MATCH(B13,Items!$A$2:$A$25,0))) | F13: =IF(E13="","",E13-Dashboard!$B$2) | G13: =IF(E13="","No expiry",IF(F13<0,"Expired",IF(F13<=30,"Expiring","OK")))
... A50: L352249 | B50: GLS-002 | C50: 4 | D50: 46201 | E50: =IF(INDEX(Items!$E$2:$E$25,MATCH(B50,Items!$A$2:$A$25,0))=0,"",D50+INDEX(Items!$E$2:$E$25,MATCH(B50,Items!$A$2:$A$25,0))) | F50: =IF(E50="","",E50-Dashboard!$B$2) | G50: =IF(E50="","No expiry",IF(F50<0,"Expired",IF(F50<=30,"Expiring","OK")))

Sheet ReorderAlerts
A1: SKU | B1: Description | C1: VendorID | D1: UsableQty | E1: MinStock | F1: OpenPOQty | G1: Reorder? | H1: SuggestedQty
A2: MED-001 | B2: =INDEX(Items!$B$2:$B$25,MATCH(A2,Items!$A$2:$A$25,0)) | C2: =INDEX(Items!$C$2:$C$25,MATCH(A2,Items!$A$2:$A$25,0)) | D2: =SUMIFS(Inventory!$C$2:$C$50,Inventory!$B$2:$B$50,A2,Inventory!$G$2:$G$50,"<>Expired") | E2: =INDEX(Items!$F$2:$F$25,MATCH(A2,Items!$A$2:$A$25,0)) | F2: =SUMIFS(PurchaseOrders!$G$2:$G$321,PurchaseOrders!$B$2:$B$321,A2,PurchaseOrders!$K$2:$K$321,"Open") | G2: =IF(D2+F2<E2,"YES","no") | H2: =IF(G2="YES",MAX(INDEX(Items!$G$2:$G$25,MATCH(A2,Items!$A$2:$A$25,0)),E2-D2-F2),0)
A3: MED-002 | B3: =INDEX(Items!$B$2:$B$25,MATCH(A3,Items!$A$2:$A$25,0)) | C3: =INDEX(Items!$C$2:$C$25,MATCH(A3,Items!$A$2:$A$25,0)) | D3: =SUMIFS(Inventory!$C$2:$C$50,Inventory!$B$2:$B$50,A3,Inventory!$G$2:$G$50,"<>Expired") | E3: =INDEX(Items!$F$2:$F$25,MATCH(A3,Items!$A$2:$A$25,0)) | F3: =SUMIFS(PurchaseOrders!$G$2:$G$321,PurchaseOrders!$B$2:$B$321,A3,PurchaseOrders!$K$2:$K$321,"Open") | G3: =IF(D3+F3<E3,"YES","no") | H3: =IF(G3="YES",MAX(INDEX(Items!$G$2:$G$25,MATCH(A3,Items!$A$2:$A$25,0)),E3-D3-F3),0)
A4: MED-003 | B4: =INDEX(Items!$B$2:$B$25,MATCH(A4,Items!$A$2:$A$25,0)) | C4: =INDEX(Items!$C$2:$C$25,MATCH(A4,Items!$A$2:$A$25,0)) | D4: =SUMIFS(Inventory!$C$2:$C$50,Inventory!$B$2:$B$50,A4,Inventory!$G$2:$G$50,"<>Expired") | E4: =INDEX(Items!$F$2:$F$25,MATCH(A4,Items!$A$2:$A$25,0)) | F4: =SUMIFS(PurchaseOrders!$G$2:$G$321,PurchaseOrders!$B$2:$B$321,A4,PurchaseOrders!$K$2:$K$321,"Open") | G4: =IF(D4+F4<E4,"YES","no") | H4: =IF(G4="YES",MAX(INDEX(Items!$G$2:$G$25,MATCH(A4,Items!$A$2:$A$25,0)),E4-D4-F4),0)
A5: MED-004 | B5: =INDEX(Items!$B$2:$B$25,MATCH(A5,Items!$A$2:$A$25,0)) | C5: =INDEX(Items!$C$2:$C$25,MATCH(A5,Items!$A$2:$A$25,0)) | D5: =SUMIFS(Inventory!$C$2:$C$50,Inventory!$B$2:$B$50,A5,Inventory!$G$2:$G$50,"<>Expired") | E5: =INDEX(Items!$F$2:$F$25,MATCH(A5,Items!$A$2:$A$25,0)) | F5: =SUMIFS(PurchaseOrders!$G$2:$G$321,PurchaseOrders!$B$2:$B$321,A5,PurchaseOrders!$K$2:$K$321,"Open") | G5: =IF(D5+F5<E5,"YES","no") | H5: =IF(G5="YES",MAX(INDEX(Items!$G$2:$G$25,MATCH(A5,Items!$A$2:$A$25,0)),E5-D5-F5),0)
A6: MED-005 | B6: =INDEX(Items!$B$2:$B$25,MATCH(A6,Items!$A$2:$A$25,0)) | C6: =INDEX(Items!$C$2:$C$25,MATCH(A6,Items!$A$2:$A$25,0)) | D6: =SUMIFS(Inventory!$C$2:$C$50,Inventory!$B$2:$B$50,A6,Inventory!$G$2:$G$50,"<>Expired") | E6: =INDEX(Items!$F$2:$F$25,MATCH(A6,Items!$A$2:$A$25,0)) | F6: =SUMIFS(PurchaseOrders!$G$2:$G$321,PurchaseOrders!$B$2:$B$321,A6,PurchaseOrders!$K$2:$K$321,"Open") | G6: =IF(D6+F6<E6,"YES","no") | H6: =IF(G6="YES",MAX(INDEX(Items!$G$2:$G$25,MATCH(A6,Items!$A$2:$A$25,0)),E6-D6-F6),0)
A7: RGT-001 | B7: =INDEX(Items!$B$2:$B$25,MATCH(A7,Items!$A$2:$A$25,0)) | C7: =INDEX(Items!$C$2:$C$25,MATCH(A7,Items!$A$2:$A$25,0)) | D7: =SUMIFS(Inventory!$C$2:$C$50,Inventory!$B$2:$B$50,A7,Inventory!$G$2:$G$50,"<>Expired") | E7: =INDEX(Items!$F$2:$F$25,MATCH(A7,Items!$A$2:$A$25,0)) | F7: =SUMIFS(PurchaseOrders!$G$2:$G$321,PurchaseOrders!$B$2:$B$321,A7,PurchaseOrders!$K$2:$K$321,"Open") | G7: =IF(D7+F7<E7,"YES","no") | H7: =IF(G7="YES",MAX(INDEX(Items!$G$2:$G$25,MATCH(A7,Items!$A$2:$A$25,0)),E7-D7-F7),0)
A8: RGT-002 | B8: =INDEX(Items!$B$2:$B$25,MATCH(A8,Items!$A$2:$A$25,0)) | C8: =INDEX(Items!$C$2:$C$25,MATCH(A8,Items!$A$2:$A$25,0)) | D8: =SUMIFS(Inventory!$C$2:$C$50,Inventory!$B$2:$B$50,A8,Inventory!$G$2:$G$50,"<>Expired") | E8: =INDEX(Items!$F$2:$F$25,MATCH(A8,Items!$A$2:$A$25,0)) | F8: =SUMIFS(PurchaseOrders!$G$2:$G$321,PurchaseOrders!$B$2:$B$321,A8,PurchaseOrders!$K$2:$K$321,"Open") | G8: =IF(D8+F8<E8,"YES","no") | H8: =IF(G8="YES",MAX(INDEX(Items!$G$2:$G$25,MATCH(A8,Items!$A$2:$A$25,0)),E8-D8-F8),0)
A9: RGT-003 | B9: =INDEX(Items!$B$2:$B$25,MATCH(A9,Items!$A$2:$A$25,0)) | C9: =INDEX(Items!$C$2:$C$25,MATCH(A9,Items!$A$2:$A$25,0)) | D9: =SUMIFS(Inventory!$C$2:$C$50,Inventory!$B$2:$B$50,A9,Inventory!$G$2:$G$50,"<>Expired") | E9: =INDEX(Items!$F$2:$F$25,MATCH(A9,Items!$A$2:$A$25,0)) | F9: =SUMIFS(PurchaseOrders!$G$2:$G$321,PurchaseOrders!$B$2:$B$321,A9,PurchaseOrders!$K$2:$K$321,"Open") | G9: =IF(D9+F9<E9,"YES","no") | H9: =IF(G9="YES",MAX(INDEX(Items!$G$2:$G$25,MATCH(A9,Items!$A$2:$A$25,0)),E9-D9-F9),0)
A10: RGT-004 | B10: =INDEX(Items!$B$2:$B$25,MATCH(A10,Items!$A$2:$A$25,0)) | C10: =INDEX(Items!$C$2:$C$25,MATCH(A10,Items!$A$2:$A$25,0)) | D10: =SUMIFS(Inventory!$C$2:$C$50,Inventory!$B$2:$B$50,A10,Inventory!$G$2:$G$50,"<>Expired") | E10: =INDEX(Items!$F$2:$F$25,MATCH(A10,Items!$A$2:$A$25,0)) | F10: =SUMIFS(PurchaseOrders!$G$2:$G$321,PurchaseOrders!$B$2:$B$321,A10,PurchaseOrders!$K$2:$K$321,"Open") | G10: =IF(D10+F10<E10,"YES","no") | H10: =IF(G10="YES",MAX(INDEX(Items!$G$2:$G$25,MATCH(A10,Items!$A$2:$A$25,0)),E10-D10-F10),0)
A11: CON-001 | B11: =INDEX(Items!$B$2:$B$25,MATCH(A11,Items!$A$2:$A$25,0)) | C11: =INDEX(Items!$C$2:$C$25,MATCH(A11,Items!$A$2:$A$25,0)) | D11: =SUMIFS(Inventory!$C$2:$C$50,Inventory!$B$2:$B$50,A11,Inventory!$G$2:$G$50,"<>Expired") | E11: =INDEX(Items!$F$2:$F$25,MATCH(A11,Items!$A$2:$A$25,0)) | F11: =SUMIFS(PurchaseOrders!$G$2:$G$321,PurchaseOrders!$B$2:$B$321,A11,PurchaseOrders!$K$2:$K$321,"Open") | G11: =IF(D11+F11<E11,"YES","no") | H11: =IF(G11="YES",MAX(INDEX(Items!$G$2:$G$25,MATCH(A11,Items!$A$2:$A$25,0)),E11-D11-F11),0)
A12: CON-002 | B12: =INDEX(Items!$B$2:$B$25,MATCH(A12,Items!$A$2:$A$25,0)) | C12: =INDEX(Items!$C$2:$C$25,MATCH(A12,Items!$A$2:$A$25,0)) | D12: =SUMIFS(Inventory!$C$2:$C$50,Inventory!$B$2:$B$50,A12,Inventory!$G$2:$G$50,"<>Expired") | E12: =INDEX(Items!$F$2:$F$25,MATCH(A12,Items!$A$2:$A$25,0)) | F12: =SUMIFS(PurchaseOrders!$G$2:$G$321,PurchaseOrders!$B$2:$B$321,A12,PurchaseOrders!$K$2:$K$321,"Open") | G12: =IF(D12+F12<E12,"YES","no") | H12: =IF(G12="YES",MAX(INDEX(Items!$G$2:$G$25,MATCH(A12,Items!$A$2:$A$25,0)),E12-D12-F12),0)
A13: CON-003 | B13: =INDEX(Items!$B$2:$B$25,MATCH(A13,Items!$A$2:$A$25,0)) | C13: =INDEX(Items!$C$2:$C$25,MATCH(A13,Items!$A$2:$A$25,0)) | D13: =SUMIFS(Inventory!$C$2:$C$50,Inventory!$B$2:$B$50,A13,Inventory!$G$2:$G$50,"<>Expired") | E13: =INDEX(Items!$F$2:$F$25,MATCH(A13,Items!$A$2:$A$25,0)) | F13: =SUMIFS(PurchaseOrders!$G$2:$G$321,PurchaseOrders!$B$2:$B$321,A13,PurchaseOrders!$K$2:$K$321,"Open") | G13: =IF(D13+F13<E13,"YES","no") | H13: =IF(G13="YES",MAX(INDEX(Items!$G$2:$G$25,MATCH(A13,Items!$A$2:$A$25,0)),E13-D13-F13),0)
... A25: GLS-002 | B25: =INDEX(Items!$B$2:$B$25,MATCH(A25,Items!$A$2:$A$25,0)) | C25: =INDEX(Items!$C$2:$C$25,MATCH(A25,Items!$A$2:$A$25,0)) | D25: =SUMIFS(Inventory!$C$2:$C$50,Inventory!$B$2:$B$50,A25,Inventory!$G$2:$G$50,"<>Expired") | E25: =INDEX(Items!$F$2:$F$25,MATCH(A25,Items!$A$2:$A$25,0)) | F25: =SUMIFS(PurchaseOrders!$G$2:$G$321,PurchaseOrders!$B$2:$B$321,A25,PurchaseOrders!$K$2:$K$321,"Open") | G25: =IF(D25+F25<E25,"YES","no") | H25: =IF(G25="YES",MAX(INDEX(Items!$G$2:$G$25,MATCH(A25,Items!$A$2:$A$25,0)),E25-D25-F25),0)

Sheet VendorScorecard
A1: VendorID | B1: VendorName | C1: Orders | D1: Received | E1: OnTime | F1: OnTime% | G1: AvgLeadDays | H1: QuotedLeadDays | I1: AvgDaysLate | J1: Spend12mo | K1: Rating
A2: V01 | B2: =INDEX(Vendors!$B$2:$B$9,MATCH(A2,Vendors!$A$2:$A$9,0)) | C2: =COUNTIFS(PurchaseOrders!$C$2:$C$321,A2) | D2: =COUNTIFS(PurchaseOrders!$C$2:$C$321,A2,PurchaseOrders!$K$2:$K$321,"<>Open") | E2: =COUNTIFS(PurchaseOrders!$C$2:$C$321,A2,PurchaseOrders!$K$2:$K$321,"Yes") | F2: =IF(D2=0,"",E2/D2) | G2: =IFERROR(AVERAGEIFS(PurchaseOrders!$J$2:$J$321,PurchaseOrders!$C$2:$C$321,A2,PurchaseOrders!$K$2:$K$321,"<>Open"),"") | H2: =INDEX(Vendors!$D$2:$D$9,MATCH(A2,Vendors!$A$2:$A$9,0)) | I2: =IFERROR(AVERAGEIFS(PurchaseOrders!$L$2:$L$321,PurchaseOrders!$C$2:$C$321,A2,PurchaseOrders!$K$2:$K$321,"<>Open"),"") | J2: =SUMIFS(PurchaseOrders!$I$2:$I$321,PurchaseOrders!$C$2:$C$321,A2) | K2: =IF(F2="","",IF(F2>=0.9,"Preferred",IF(F2>=0.8,"Monitor","At risk")))
A3: V02 | B3: =INDEX(Vendors!$B$2:$B$9,MATCH(A3,Vendors!$A$2:$A$9,0)) | C3: =COUNTIFS(PurchaseOrders!$C$2:$C$321,A3) | D3: =COUNTIFS(PurchaseOrders!$C$2:$C$321,A3,PurchaseOrders!$K$2:$K$321,"<>Open") | E3: =COUNTIFS(PurchaseOrders!$C$2:$C$321,A3,PurchaseOrders!$K$2:$K$321,"Yes") | F3: =IF(D3=0,"",E3/D3) | G3: =IFERROR(AVERAGEIFS(PurchaseOrders!$J$2:$J$321,PurchaseOrders!$C$2:$C$321,A3,PurchaseOrders!$K$2:$K$321,"<>Open"),"") | H3: =INDEX(Vendors!$D$2:$D$9,MATCH(A3,Vendors!$A$2:$A$9,0)) | I3: =IFERROR(AVERAGEIFS(PurchaseOrders!$L$2:$L$321,PurchaseOrders!$C$2:$C$321,A3,PurchaseOrders!$K$2:$K$321,"<>Open"),"") | J3: =SUMIFS(PurchaseOrders!$I$2:$I$321,PurchaseOrders!$C$2:$C$321,A3) | K3: =IF(F3="","",IF(F3>=0.9,"Preferred",IF(F3>=0.8,"Monitor","At risk")))
A4: V03 | B4: =INDEX(Vendors!$B$2:$B$9,MATCH(A4,Vendors!$A$2:$A$9,0)) | C4: =COUNTIFS(PurchaseOrders!$C$2:$C$321,A4) | D4: =COUNTIFS(PurchaseOrders!$C$2:$C$321,A4,PurchaseOrders!$K$2:$K$321,"<>Open") | E4: =COUNTIFS(PurchaseOrders!$C$2:$C$321,A4,PurchaseOrders!$K$2:$K$321,"Yes") | F4: =IF(D4=0,"",E4/D4) | G4: =IFERROR(AVERAGEIFS(PurchaseOrders!$J$2:$J$321,PurchaseOrders!$C$2:$C$321,A4,PurchaseOrders!$K$2:$K$321,"<>Open"),"") | H4: =INDEX(Vendors!$D$2:$D$9,MATCH(A4,Vendors!$A$2:$A$9,0)) | I4: =IFERROR(AVERAGEIFS(PurchaseOrders!$L$2:$L$321,PurchaseOrders!$C$2:$C$321,A4,PurchaseOrders!$K$2:$K$321,"<>Open"),"") | J4: =SUMIFS(PurchaseOrders!$I$2:$I$321,PurchaseOrders!$C$2:$C$321,A4) | K4: =IF(F4="","",IF(F4>=0.9,"Preferred",IF(F4>=0.8,"Monitor","At risk")))
A5: V04 | B5: =INDEX(Vendors!$B$2:$B$9,MATCH(A5,Vendors!$A$2:$A$9,0)) | C5: =COUNTIFS(PurchaseOrders!$C$2:$C$321,A5) | D5: =COUNTIFS(PurchaseOrders!$C$2:$C$321,A5,PurchaseOrders!$K$2:$K$321,"<>Open") | E5: =COUNTIFS(PurchaseOrders!$C$2:$C$321,A5,PurchaseOrders!$K$2:$K$321,"Yes") | F5: =IF(D5=0,"",E5/D5) | G5: =IFERROR(AVERAGEIFS(PurchaseOrders!$J$2:$J$321,PurchaseOrders!$C$2:$C$321,A5,PurchaseOrders!$K$2:$K$321,"<>Open"),"") | H5: =INDEX(Vendors!$D$2:$D$9,MATCH(A5,Vendors!$A$2:$A$9,0)) | I5: =IFERROR(AVERAGEIFS(PurchaseOrders!$L$2:$L$321,PurchaseOrders!$C$2:$C$321,A5,PurchaseOrders!$K$2:$K$321,"<>Open"),"") | J5: =SUMIFS(PurchaseOrders!$I$2:$I$321,PurchaseOrders!$C$2:$C$321,A5) | K5: =IF(F5="","",IF(F5>=0.9,"Preferred",IF(F5>=0.8,"Monitor","At risk")))
A6: V05 | B6: =INDEX(Vendors!$B$2:$B$9,MATCH(A6,Vendors!$A$2:$A$9,0)) | C6: =COUNTIFS(PurchaseOrders!$C$2:$C$321,A6) | D6: =COUNTIFS(PurchaseOrders!$C$2:$C$321,A6,PurchaseOrders!$K$2:$K$321,"<>Open") | E6: =COUNTIFS(PurchaseOrders!$C$2:$C$321,A6,PurchaseOrders!$K$2:$K$321,"Yes") | F6: =IF(D6=0,"",E6/D6) | G6: =IFERROR(AVERAGEIFS(PurchaseOrders!$J$2:$J$321,PurchaseOrders!$C$2:$C$321,A6,PurchaseOrders!$K$2:$K$321,"<>Open"),"") | H6: =INDEX(Vendors!$D$2:$D$9,MATCH(A6,Vendors!$A$2:$A$9,0)) | I6: =IFERROR(AVERAGEIFS(PurchaseOrders!$L$2:$L$321,PurchaseOrders!$C$2:$C$321,A6,PurchaseOrders!$K$2:$K$321,"<>Open"),"") | J6: =SUMIFS(PurchaseOrders!$I$2:$I$321,PurchaseOrders!$C$2:$C$321,A6) | K6: =IF(F6="","",IF(F6>=0.9,"Preferred",IF(F6>=0.8,"Monitor","At risk")))
A7: V06 | B7: =INDEX(Vendors!$B$2:$B$9,MATCH(A7,Vendors!$A$2:$A$9,0)) | C7: =COUNTIFS(PurchaseOrders!$C$2:$C$321,A7) | D7: =COUNTIFS(PurchaseOrders!$C$2:$C$321,A7,PurchaseOrders!$K$2:$K$321,"<>Open") | E7: =COUNTIFS(PurchaseOrders!$C$2:$C$321,A7,PurchaseOrders!$K$2:$K$321,"Yes") | F7: =IF(D7=0,"",E7/D7) | G7: =IFERROR(AVERAGEIFS(PurchaseOrders!$J$2:$J$321,PurchaseOrders!$C$2:$C$321,A7,PurchaseOrders!$K$2:$K$321,"<>Open"),"") | H7: =INDEX(Vendors!$D$2:$D$9,MATCH(A7,Vendors!$A$2:$A$9,0)) | I7: =IFERROR(AVERAGEIFS(PurchaseOrders!$L$2:$L$321,PurchaseOrders!$C$2:$C$321,A7,PurchaseOrders!$K$2:$K$321,"<>Open"),"") | J7: =SUMIFS(PurchaseOrders!$I$2:$I$321,PurchaseOrders!$C$2:$C$321,A7) | K7: =IF(F7="","",IF(F7>=0.9,"Preferred",IF(F7>=0.8,"Monitor","At risk")))
A8: V07 | B8: =INDEX(Vendors!$B$2:$B$9,MATCH(A8,Vendors!$A$2:$A$9,0)) | C8: =COUNTIFS(PurchaseOrders!$C$2:$C$321,A8) | D8: =COUNTIFS(PurchaseOrders!$C$2:$C$321,A8,PurchaseOrders!$K$2:$K$321,"<>Open") | E8: =COUNTIFS(PurchaseOrders!$C$2:$C$321,A8,PurchaseOrders!$K$2:$K$321,"Yes") | F8: =IF(D8=0,"",E8/D8) | G8: =IFERROR(AVERAGEIFS(PurchaseOrders!$J$2:$J$321,PurchaseOrders!$C$2:$C$321,A8,PurchaseOrders!$K$2:$K$321,"<>Open"),"") | H8: =INDEX(Vendors!$D$2:$D$9,MATCH(A8,Vendors!$A$2:$A$9,0)) | I8: =IFERROR(AVERAGEIFS(PurchaseOrders!$L$2:$L$321,PurchaseOrders!$C$2:$C$321,A8,PurchaseOrders!$K$2:$K$321,"<>Open"),"") | J8: =SUMIFS(PurchaseOrders!$I$2:$I$321,PurchaseOrders!$C$2:$C$321,A8) | K8: =IF(F8="","",IF(F8>=0.9,"Preferred",IF(F8>=0.8,"Monitor","At risk")))
A9: V08 | B9: =INDEX(Vendors!$B$2:$B$9,MATCH(A9,Vendors!$A$2:$A$9,0)) | C9: =COUNTIFS(PurchaseOrders!$C$2:$C$321,A9) | D9: =COUNTIFS(PurchaseOrders!$C$2:$C$321,A9,PurchaseOrders!$K$2:$K$321,"<>Open") | E9: =COUNTIFS(PurchaseOrders!$C$2:$C$321,A9,PurchaseOrders!$K$2:$K$321,"Yes") | F9: =IF(D9=0,"",E9/D9) | G9: =IFERROR(AVERAGEIFS(PurchaseOrders!$J$2:$J$321,PurchaseOrders!$C$2:$C$321,A9,PurchaseOrders!$K$2:$K$321,"<>Open"),"") | H9: =INDEX(Vendors!$D$2:$D$9,MATCH(A9,Vendors!$A$2:$A$9,0)) | I9: =IFERROR(AVERAGEIFS(PurchaseOrders!$L$2:$L$321,PurchaseOrders!$C$2:$C$321,A9,PurchaseOrders!$K$2:$K$321,"<>Open"),"") | J9: =SUMIFS(PurchaseOrders!$I$2:$I$321,PurchaseOrders!$C$2:$C$321,A9) | K9: =IF(F9="","",IF(F9>=0.9,"Preferred",IF(F9>=0.8,"Monitor","At risk")))
