Workbook

Sheet Instructions
A1: Deviation and CAPA Tracker
A2: QA-DEV-006 · Simulated data for a portfolio demonstration. No real site data.
A4: What this is | B4: An Excel deviation and CAPA tracker. Every status, age, repeat flag, CAPA effectiveness result and dashboard number is a formula, so it updates when you add records, close them, or change the data date.
A6: SHEETS
A7: Settings | B7: Data date, closure target and the other rules. Change these and the whole workbook follows. Also holds the drop-down lists.
A8: Deviation Log | B8: One row per deviation. Enter data in the blue-text columns A to J; columns K to V are calculated. Formulas are filled down to row 400.
A9: Dashboard | B9: KPIs, aging by severity, monthly close-out trend with chart, root-cause Pareto and a summary by area.
A10: Repeat Analysis | B10: Equipment / root-cause pairs that have repeated, with record count, repeats, last occurrence and CAPA effectiveness.
A12: HOW TO USE
A13: Add a deviation | B13: Type in the next empty row of Deviation Log: ID, opened date, area, equipment, severity, root cause and owner. Area, severity and root cause have drop-downs.
A14: Close a deviation | B14: Enter the closed date in column H. Status, days open and overdue flag update automatically.
A15: Raise a CAPA | B15: Enter the CAPA number in column I. CAPA due date = deviation closed + the CAPA due days on Settings.
A16: Close a CAPA | B16: Enter the CAPA closed date in column J. The effectiveness result starts as "Check pending" and becomes "Effective" after the check window, or "Ineffective" if the same root cause comes back on the same equipment.
A17: Roll forward | B17: Change "Data as of" on Settings to today (or use =TODAY()).
A19: COLOUR KEY
A20: Blue text | B20: Inputs you type in.
A21: Black text | B21: Formulas. Do not overwrite.
A22: Yellow fill | B22: Settings you can change.
A23: Red row | B23: Open and past the closure target (overdue).
A24: Amber row | B24: Open and past the warning threshold (due soon).
A26: DEFINITIONS
A27: Overdue | B27: Open, and days open is greater than the closure target.
A28: Repeat | B28: Same root cause on the same equipment / process within the repeat window before this deviation was opened.
A29: CAPA effectiveness | B29: Ineffective if the same root cause recurs on the same equipment / process within the effectiveness window after the CAPA closed. Effective once the window has passed with no recurrence. Otherwise Check pending.
A30: Median days to close | B30: Median of days from opened to closed, for records closed in the period. Median is used because a few long investigations would distort an average.

Sheet Dashboard
A1: Deviation and CAPA Dashboard
A2: All figures are formulas on the Deviation Log and Settings sheets.
A3: =" Data as of "&TEXT(AsOf,"dd mmm yyyy")&" · closure target "&Target&" days" -> Data as of 30 Sep 2026 · closure target 30 days
A4: Key figures | B4: Value | H4: Aging of open deviations (days open)
A5: Total deviations | B5: =COUNTA('Deviation Log'!$A$5:$A$400) -> 167 | H5: Severity | I5: 0-30 | J5: 31-60 | K5: 61-90 | L5: 90+ | M5: Total
A6: Open deviations | B6: =COUNTIF('Deviation Log'!$K$5:$K$400,"Open") -> 13 | H6: Critical | I6: =COUNTIFS('Deviation Log'!$E$5:$E$400,"Critical",'Deviation Log'!$N$5:$N$400,"0-30") -> 0 | J6: =COUNTIFS('Deviation Log'!$E$5:$E$400,"Critical",'Deviation Log'!$N$5:$N$400,"31-60") -> 1 | K6: =COUNTIFS('Deviation Log'!$E$5:$E$400,"Critical",'Deviation Log'!$N$5:$N$400,"61-90") -> 0 | L6: =COUNTIFS('Deviation Log'!$E$5:$E$400,"Critical",'Deviation Log'!$N$5:$N$400,"90+") -> 1 | M6: =SUM(I6:L6) -> 2
A7: Overdue (open past target) | B7: =COUNTIF('Deviation Log'!$M$5:$M$400,"Yes") -> 7 | H7: Major | I7: =COUNTIFS('Deviation Log'!$E$5:$E$400,"Major",'Deviation Log'!$N$5:$N$400,"0-30") -> 3 | J7: =COUNTIFS('Deviation Log'!$E$5:$E$400,"Major",'Deviation Log'!$N$5:$N$400,"31-60") -> 2 | K7: =COUNTIFS('Deviation Log'!$E$5:$E$400,"Major",'Deviation Log'!$N$5:$N$400,"61-90") -> 0 | L7: =COUNTIFS('Deviation Log'!$E$5:$E$400,"Major",'Deviation Log'!$N$5:$N$400,"90+") -> 0 | M7: =SUM(I7:L7) -> 5
A8: Critical deviations open | B8: =COUNTIFS('Deviation Log'!$E$5:$E$400,"Critical",'Deviation Log'!$K$5:$K$400,"Open") -> 2 | H8: Minor | I8: =COUNTIFS('Deviation Log'!$E$5:$E$400,"Minor",'Deviation Log'!$N$5:$N$400,"0-30") -> 3 | J8: =COUNTIFS('Deviation Log'!$E$5:$E$400,"Minor",'Deviation Log'!$N$5:$N$400,"31-60") -> 3 | K8: =COUNTIFS('Deviation Log'!$E$5:$E$400,"Minor",'Deviation Log'!$N$5:$N$400,"61-90") -> 0 | L8: =COUNTIFS('Deviation Log'!$E$5:$E$400,"Minor",'Deviation Log'!$N$5:$N$400,"90+") -> 0 | M8: =SUM(I8:L8) -> 6
A9: Median days to close, last 90 days | B9: =IFERROR(MEDIAN('Deviation Log'!$U$5:$U$400),"-") -> 35.5 | H9: All | I9: =COUNTIFS('Deviation Log'!$N$5:$N$400,"0-30") -> 6 | J9: =COUNTIFS('Deviation Log'!$N$5:$N$400,"31-60") -> 6 | K9: =COUNTIFS('Deviation Log'!$N$5:$N$400,"61-90") -> 0 | L9: =COUNTIFS('Deviation Log'!$N$5:$N$400,"90+") -> 1 | M9: =SUM(I9:L9) -> 13
A10: Median days to close, prior 6 months | B10: =IFERROR(MEDIAN('Deviation Log'!$V$5:$V$400),"-") -> 16
A11: Repeat deviations | B11: =COUNTIF('Deviation Log'!$O$5:$O$400,"Yes") -> 9
A12: Repeat rate | B12: =IFERROR(B11/B5,0) -> 0.053892216 | H12: By area
A13: CAPAs raised | B13: =COUNTIF('Deviation Log'!$I$5:$I$400,"?*") -> 46 | H13: Area | I13: Total | J13: Open | K13: Overdue | L13: Repeats | M13: Critical
A14: CAPAs overdue | B14: =COUNTIF('Deviation Log'!$Q$5:$Q$400,"Overdue") -> 0 | H14: Valve assembly | I14: =COUNTIF('Deviation Log'!$C$5:$C$400,H14) -> 46 | J14: =COUNTIFS('Deviation Log'!$C$5:$C$400,H14,'Deviation Log'!$K$5:$K$400,"Open") -> 2 | K14: =COUNTIFS('Deviation Log'!$C$5:$C$400,H14,'Deviation Log'!$M$5:$M$400,"Yes") -> 1 | L14: =COUNTIFS('Deviation Log'!$C$5:$C$400,H14,'Deviation Log'!$O$5:$O$400,"Yes") -> 1 | M14: =COUNTIFS('Deviation Log'!$C$5:$C$400,H14,'Deviation Log'!$E$5:$E$400,"Critical") -> 2
A15: CAPAs with effectiveness result | B15: =COUNTIF('Deviation Log'!$R$5:$R$400,"Effective")+COUNTIF('Deviation Log'!$R$5:$R$400,"Ineffective") -> 19 | H15: Packaging | I15: =COUNTIF('Deviation Log'!$C$5:$C$400,H15) -> 30 | J15: =COUNTIFS('Deviation Log'!$C$5:$C$400,H15,'Deviation Log'!$K$5:$K$400,"Open") -> 6 | K15: =COUNTIFS('Deviation Log'!$C$5:$C$400,H15,'Deviation Log'!$M$5:$M$400,"Yes") -> 3 | L15: =COUNTIFS('Deviation Log'!$C$5:$C$400,H15,'Deviation Log'!$O$5:$O$400,"Yes") -> 3 | M15: =COUNTIFS('Deviation Log'!$C$5:$C$400,H15,'Deviation Log'!$E$5:$E$400,"Critical") -> 1
A16: CAPAs ineffective | B16: =COUNTIF('Deviation Log'!$R$5:$R$400,"Ineffective") -> 2 | H16: Sterilization | I16: =COUNTIF('Deviation Log'!$C$5:$C$400,H16) -> 20 | J16: =COUNTIFS('Deviation Log'!$C$5:$C$400,H16,'Deviation Log'!$K$5:$K$400,"Open") -> 1 | K16: =COUNTIFS('Deviation Log'!$C$5:$C$400,H16,'Deviation Log'!$M$5:$M$400,"Yes") -> 1 | L16: =COUNTIFS('Deviation Log'!$C$5:$C$400,H16,'Deviation Log'!$O$5:$O$400,"Yes") -> 1 | M16: =COUNTIFS('Deviation Log'!$C$5:$C$400,H16,'Deviation Log'!$E$5:$E$400,"Critical") -> 2
A17: CAPA effectiveness rate | B17: =IFERROR((B15-B16)/B15,0) -> 0.89473684 | H17: QC Microbiology | I17: =COUNTIF('Deviation Log'!$C$5:$C$400,H17) -> 36 | J17: =COUNTIFS('Deviation Log'!$C$5:$C$400,H17,'Deviation Log'!$K$5:$K$400,"Open") -> 2 | K17: =COUNTIFS('Deviation Log'!$C$5:$C$400,H17,'Deviation Log'!$M$5:$M$400,"Yes") -> 1 | L17: =COUNTIFS('Deviation Log'!$C$5:$C$400,H17,'Deviation Log'!$O$5:$O$400,"Yes") -> 3 | M17: =COUNTIFS('Deviation Log'!$C$5:$C$400,H17,'Deviation Log'!$E$5:$E$400,"Critical") -> 0
H18: Warehouse | I18: =COUNTIF('Deviation Log'!$C$5:$C$400,H18) -> 15 | J18: =COUNTIFS('Deviation Log'!$C$5:$C$400,H18,'Deviation Log'!$K$5:$K$400,"Open") -> 1 | K18: =COUNTIFS('Deviation Log'!$C$5:$C$400,H18,'Deviation Log'!$M$5:$M$400,"Yes") -> 0 | L18: =COUNTIFS('Deviation Log'!$C$5:$C$400,H18,'Deviation Log'!$O$5:$O$400,"Yes") -> 0 | M18: =COUNTIFS('Deviation Log'!$C$5:$C$400,H18,'Deviation Log'!$E$5:$E$400,"Critical") -> 0
H19: Facilities | I19: =COUNTIF('Deviation Log'!$C$5:$C$400,H19) -> 20 | J19: =COUNTIFS('Deviation Log'!$C$5:$C$400,H19,'Deviation Log'!$K$5:$K$400,"Open") -> 1 | K19: =COUNTIFS('Deviation Log'!$C$5:$C$400,H19,'Deviation Log'!$M$5:$M$400,"Yes") -> 1 | L19: =COUNTIFS('Deviation Log'!$C$5:$C$400,H19,'Deviation Log'!$O$5:$O$400,"Yes") -> 1 | M19: =COUNTIFS('Deviation Log'!$C$5:$C$400,H19,'Deviation Log'!$E$5:$E$400,"Critical") -> 2
A21: Monthly close-out trend
A22: Month | B22: Opened | C22: Closed | D22: Median days to close | E22: Target (days) | F22: Open at month end
A23: 45748 | B23: =COUNTIF('Deviation Log'!$S$5:$S$400,A23) -> 10 | C23: =COUNTIF('Deviation Log'!$T$5:$T$400,A23) -> 3 | D23: {=IFERROR(MEDIAN(IF('Deviation Log'!$T$5:$T$400=A23,'Deviation Log'!$L$5:$L$400)),NA())} -> 20 | E23: =Target -> 30 | F23: =COUNTIFS('Deviation Log'!$B$5:$B$400,"<="&EOMONTH(A23,0),'Deviation Log'!$A$5:$A$400,"<>")-COUNTIFS('Deviation Log'!$H$5:$H$400,"<="&EOMONTH(A23,0)) -> 7
A24: 45778 | B24: =COUNTIF('Deviation Log'!$S$5:$S$400,A24) -> 9 | C24: =COUNTIF('Deviation Log'!$T$5:$T$400,A24) -> 11 | D24: {=IFERROR(MEDIAN(IF('Deviation Log'!$T$5:$T$400=A24,'Deviation Log'!$L$5:$L$400)),NA())} -> 23 | E24: =Target -> 30 | F24: =COUNTIFS('Deviation Log'!$B$5:$B$400,"<="&EOMONTH(A24,0),'Deviation Log'!$A$5:$A$400,"<>")-COUNTIFS('Deviation Log'!$H$5:$H$400,"<="&EOMONTH(A24,0)) -> 5
A25: 45809 | B25: =COUNTIF('Deviation Log'!$S$5:$S$400,A25) -> 10 | C25: =COUNTIF('Deviation Log'!$T$5:$T$400,A25) -> 7 | D25: {=IFERROR(MEDIAN(IF('Deviation Log'!$T$5:$T$400=A25,'Deviation Log'!$L$5:$L$400)),NA())} -> 18 | E25: =Target -> 30 | F25: =COUNTIFS('Deviation Log'!$B$5:$B$400,"<="&EOMONTH(A25,0),'Deviation Log'!$A$5:$A$400,"<>")-COUNTIFS('Deviation Log'!$H$5:$H$400,"<="&EOMONTH(A25,0)) -> 8
A26: 45839 | B26: =COUNTIF('Deviation Log'!$S$5:$S$400,A26) -> 10 | C26: =COUNTIF('Deviation Log'!$T$5:$T$400,A26) -> 14 | D26: {=IFERROR(MEDIAN(IF('Deviation Log'!$T$5:$T$400=A26,'Deviation Log'!$L$5:$L$400)),NA())} -> 19.5 | E26: =Target -> 30 | F26: =COUNTIFS('Deviation Log'!$B$5:$B$400,"<="&EOMONTH(A26,0),'Deviation Log'!$A$5:$A$400,"<>")-COUNTIFS('Deviation Log'!$H$5:$H$400,"<="&EOMONTH(A26,0)) -> 4
A27: 45870 | B27: =COUNTIF('Deviation Log'!$S$5:$S$400,A27) -> 8 | C27: =COUNTIF('Deviation Log'!$T$5:$T$400,A27) -> 8 | D27: {=IFERROR(MEDIAN(IF('Deviation Log'!$T$5:$T$400=A27,'Deviation Log'!$L$5:$L$400)),NA())} -> 18 | E27: =Target -> 30 | F27: =COUNTIFS('Deviation Log'!$B$5:$B$400,"<="&EOMONTH(A27,0),'Deviation Log'!$A$5:$A$400,"<>")-COUNTIFS('Deviation Log'!$H$5:$H$400,"<="&EOMONTH(A27,0)) -> 4
A28: 45901 | B28: =COUNTIF('Deviation Log'!$S$5:$S$400,A28) -> 8 | C28: =COUNTIF('Deviation Log'!$T$5:$T$400,A28) -> 8 | D28: {=IFERROR(MEDIAN(IF('Deviation Log'!$T$5:$T$400=A28,'Deviation Log'!$L$5:$L$400)),NA())} -> 18 | E28: =Target -> 30 | F28: =COUNTIFS('Deviation Log'!$B$5:$B$400,"<="&EOMONTH(A28,0),'Deviation Log'!$A$5:$A$400,"<>")-COUNTIFS('Deviation Log'!$H$5:$H$400,"<="&EOMONTH(A28,0)) -> 4
A29: 45931 | B29: =COUNTIF('Deviation Log'!$S$5:$S$400,A29) -> 12 | C29: =COUNTIF('Deviation Log'!$T$5:$T$400,A29) -> 6 | D29: {=IFERROR(MEDIAN(IF('Deviation Log'!$T$5:$T$400=A29,'Deviation Log'!$L$5:$L$400)),NA())} -> 15.5 | E29: =Target -> 30 | F29: =COUNTIFS('Deviation Log'!$B$5:$B$400,"<="&EOMONTH(A29,0),'Deviation Log'!$A$5:$A$400,"<>")-COUNTIFS('Deviation Log'!$H$5:$H$400,"<="&EOMONTH(A29,0)) -> 10
A30: 45962 | B30: =COUNTIF('Deviation Log'!$S$5:$S$400,A30) -> 7 | C30: =COUNTIF('Deviation Log'!$T$5:$T$400,A30) -> 13 | D30: {=IFERROR(MEDIAN(IF('Deviation Log'!$T$5:$T$400=A30,'Deviation Log'!$L$5:$L$400)),NA())} -> 20 | E30: =Target -> 30 | F30: =COUNTIFS('Deviation Log'!$B$5:$B$400,"<="&EOMONTH(A30,0),'Deviation Log'!$A$5:$A$400,"<>")-COUNTIFS('Deviation Log'!$H$5:$H$400,"<="&EOMONTH(A30,0)) -> 4
A31: 45992 | B31: =COUNTIF('Deviation Log'!$S$5:$S$400,A31) -> 7 | C31: =COUNTIF('Deviation Log'!$T$5:$T$400,A31) -> 9 | D31: {=IFERROR(MEDIAN(IF('Deviation Log'!$T$5:$T$400=A31,'Deviation Log'!$L$5:$L$400)),NA())} -> 18 | E31: =Target -> 30 | F31: =COUNTIFS('Deviation Log'!$B$5:$B$400,"<="&EOMONTH(A31,0),'Deviation Log'!$A$5:$A$400,"<>")-COUNTIFS('Deviation Log'!$H$5:$H$400,"<="&EOMONTH(A31,0)) -> 2
A32: 46023 | B32: =COUNTIF('Deviation Log'!$S$5:$S$400,A32) -> 11 | C32: =COUNTIF('Deviation Log'!$T$5:$T$400,A32) -> 6 | D32: {=IFERROR(MEDIAN(IF('Deviation Log'!$T$5:$T$400=A32,'Deviation Log'!$L$5:$L$400)),NA())} -> 15.5 | E32: =Target -> 30 | F32: =COUNTIFS('Deviation Log'!$B$5:$B$400,"<="&EOMONTH(A32,0),'Deviation Log'!$A$5:$A$400,"<>")-COUNTIFS('Deviation Log'!$H$5:$H$400,"<="&EOMONTH(A32,0)) -> 7
A33: 46054 | B33: =COUNTIF('Deviation Log'!$S$5:$S$400,A33) -> 9 | C33: =COUNTIF('Deviation Log'!$T$5:$T$400,A33) -> 8 | D33: {=IFERROR(MEDIAN(IF('Deviation Log'!$T$5:$T$400=A33,'Deviation Log'!$L$5:$L$400)),NA())} -> 16 | E33: =Target -> 30 | F33: =COUNTIFS('Deviation Log'!$B$5:$B$400,"<="&EOMONTH(A33,0),'Deviation Log'!$A$5:$A$400,"<>")-COUNTIFS('Deviation Log'!$H$5:$H$400,"<="&EOMONTH(A33,0)) -> 8
A34: 46082 | B34: =COUNTIF('Deviation Log'!$S$5:$S$400,A34) -> 9 | C34: =COUNTIF('Deviation Log'!$T$5:$T$400,A34) -> 13 | D34: {=IFERROR(MEDIAN(IF('Deviation Log'!$T$5:$T$400=A34,'Deviation Log'!$L$5:$L$400)),NA())} -> 15 | E34: =Target -> 30 | F34: =COUNTIFS('Deviation Log'!$B$5:$B$400,"<="&EOMONTH(A34,0),'Deviation Log'!$A$5:$A$400,"<>")-COUNTIFS('Deviation Log'!$H$5:$H$400,"<="&EOMONTH(A34,0)) -> 4
... A40: 46266 | B40: =COUNTIF('Deviation Log'!$S$5:$S$400,A40) -> 7 | C40: =COUNTIF('Deviation Log'!$T$5:$T$400,A40) -> 12 | D40: {=IFERROR(MEDIAN(IF('Deviation Log'!$T$5:$T$400=A40,'Deviation Log'!$L$5:$L$400)),NA())} -> 35.5 | E40: =Target -> 30 | F40: =COUNTIFS('Deviation Log'!$B$5:$B$400,"<="&EOMONTH(A40,0),'Deviation Log'!$A$5:$A$400,"<>")-COUNTIFS('Deviation Log'!$H$5:$H$400,"<="&EOMONTH(A40,0)) -> 13
A41: Months are inputs: extend the list down and copy the formulas to add a month. If nothing closed in a month the median is left blank as a chart gap (NA).
A44: Root cause Pareto
A45: Root cause | B45: Count | C45: % of total | D45: Cumulative %
A46: GDP / documentation error | B46: =COUNTIF('Deviation Log'!$F$5:$F$400,A46) -> 38 | C46: =IFERROR(B46/$B$5,0) -> 0.22754491 | D46: =SUM($C$46:C46) -> 0.22754491
A47: Equipment malfunction | B47: =COUNTIF('Deviation Log'!$F$5:$F$400,A47) -> 28 | C47: =IFERROR(B47/$B$5,0) -> 0.16766467 | D47: =SUM($C$46:C47) -> 0.39520958
A48: Procedure not followed | B48: =COUNTIF('Deviation Log'!$F$5:$F$400,A48) -> 21 | C48: =IFERROR(B48/$B$5,0) -> 0.1257485 | D48: =SUM($C$46:C48) -> 0.52095808
A49: Training gap | B49: =COUNTIF('Deviation Log'!$F$5:$F$400,A49) -> 13 | C49: =IFERROR(B49/$B$5,0) -> 0.077844311 | D49: =SUM($C$46:C49) -> 0.5988024
A50: Supplier material defect | B50: =COUNTIF('Deviation Log'!$F$5:$F$400,A50) -> 13 | C50: =IFERROR(B50/$B$5,0) -> 0.077844311 | D50: =SUM($C$46:C50) -> 0.67664671
A51: Calibration overdue | B51: =COUNTIF('Deviation Log'!$F$5:$F$400,A51) -> 11 | C51: =IFERROR(B51/$B$5,0) -> 0.065868263 | D51: =SUM($C$46:C51) -> 0.74251497
A52: Environmental excursion | B52: =COUNTIF('Deviation Log'!$F$5:$F$400,A52) -> 8 | C52: =IFERROR(B52/$B$5,0) -> 0.047904192 | D52: =SUM($C$46:C52) -> 0.79041916
A53: Sample handling error | B53: =COUNTIF('Deviation Log'!$F$5:$F$400,A53) -> 8 | C53: =IFERROR(B53/$B$5,0) -> 0.047904192 | D53: =SUM($C$46:C53) -> 0.83832335
A54: Line clearance not performed | B54: =COUNTIF('Deviation Log'!$F$5:$F$400,A54) -> 8 | C54: =IFERROR(B54/$B$5,0) -> 0.047904192 | D54: =SUM($C$46:C54) -> 0.88622754
A55: Labeling error | B55: =COUNTIF('Deviation Log'!$F$5:$F$400,A55) -> 7 | C55: =IFERROR(B55/$B$5,0) -> 0.041916168 | D55: =SUM($C$46:C55) -> 0.92814371
A56: Preventive maintenance missed | B56: =COUNTIF('Deviation Log'!$F$5:$F$400,A56) -> 6 | C56: =IFERROR(B56/$B$5,0) -> 0.035928144 | D56: =SUM($C$46:C56) -> 0.96407186
A57: Temperature excursion | B57: =COUNTIF('Deviation Log'!$F$5:$F$400,A57) -> 6 | C57: =IFERROR(B57/$B$5,0) -> 0.035928144 | D57: =SUM($C$46:C57) -> 1
A58: Causes are listed in order of count for the sample data. Re-sort (Data > Sort by Count) after adding records.

Sheet Settings
A1: Settings
A2: Change the yellow cells. Everything else in the workbook reads from here.
B4: Setting | C4: Value
B5: Data as of | C5: 46295 | D5: Date the tracker is reported as of. Use =TODAY() for a live tracker.
B6: Closure target (days) | C6: 30 | D6: Deviations should be investigated and closed within this many calendar days.
B7: Due-soon warning (days) | C7: 20 | D7: Open records past this age are highlighted amber.
B8: CAPA due after deviation close (days) | C8: 90 | D8: CAPA due date = deviation closed date + this.
B9: Repeat window (days) | C9: 180 | D9: Same cause on the same equipment within this window counts as a repeat.
B10: Effectiveness check window (days) | C10: 180 | D10: CAPA is judged effective if the cause does not recur within this window after CAPA closure.
B12: Drop-down lists (add new values to the bottom of a list)
B13: Areas | C13: Severities | D13: RootCauses | E13: Owners
B14: Valve assembly | C14: Minor | D14: Calibration overdue | E14: D. Kim
B15: Packaging | C15: Major | D15: Environmental excursion | E15: J. Alvarez
B16: Sterilization | C16: Critical | D16: Equipment malfunction | E16: K. Tran
B17: QC Microbiology | D17: GDP / documentation error | E17: L. Haddad
B18: Warehouse | D18: Labeling error | E18: M. Chen
B19: Facilities | D19: Line clearance not performed | E19: R. Patel
D20: Preventive maintenance missed | E20: S. Okafor
D21: Procedure not followed
D22: Sample handling error
D23: Supplier material defect
D24: Temperature excursion
D25: Training gap

Sheet Deviation Log
A1: Deviation Log
A2: Blue columns A to J are inputs. Grey-headed columns K to V are calculated; do not type over them.
A4: Deviation ID | B4: Opened | C4: Area | D4: Equipment / process | E4: Severity | F4: Root cause | G4: Owner | H4: Closed | I4: CAPA ID | J4: CAPA closed | K4: Status | L4: Days open | M4: Overdue | N4: Aging bucket (open) | O4: Repeat | P4: CAPA due | Q4: CAPA status | R4: CAPA effectiveness | S4: Opened month | T4: Closed month | U4: Days to close, last 90 d | V4: Days to close, prior 6 mo
A5: DEV-25-0101 | B5: 45748 | C5: Valve assembly | D5: Final inspection bench | E5: Minor | F5: GDP / documentation error | G5: K. Tran | H5: 45772 | K5: =IF(A5="","",IF(H5="","Open","Closed")) -> Closed | L5: =IF(A5="","",IF(H5="",AsOf-B5,H5-B5)) -> 24 | M5: =IF(A5="","",IF(AND(K5="Open",L5>Target),"Yes","No")) -> No | N5: =IF(K5<>"Open","",IF(L5<=30,"0-30",IF(L5<=60,"31-60",IF(L5<=90,"61-90","90+")))) | O5: =IF(A5="","",IF(COUNTIFS($D$5:$D$400,D5,$F$5:$F$400,F5,$B$5:$B$400,">="&(B5-RepeatWin),$B$5:$B$400,"<"&B5)>0,"Yes","No")) -> No | P5: =IF(OR(I5="",H5=""),"",H5+CapaDue) | Q5: =IF(A5="","",IF(I5="","Not required",IF(J5<>"","Closed",IF(H5="","Awaiting dev. close",IF(AsOf>P5,"Overdue","Open"))))) -> Not required | R5: =IF(J5="","",IF(COUNTIFS($D$5:$D$400,D5,$F$5:$F$400,F5,$B$5:$B$400,">"&J5,$B$5:$B$400,"<="&(J5+EffWin))>0,"Ineffective",IF(AsOf-J5>=EffWin,"Effective","Check pending"))) | S5: =IF(A5="","",DATE(YEAR(B5),MONTH(B5),1)) -> 45748 | T5: =IF(H5="","",DATE(YEAR(H5),MONTH(H5),1)) -> 45748 | U5: =IF(H5="","",IF(AsOf-H5<=90,L5,"")) | V5: =IF(H5="","",IF(AND(AsOf-H5>90,AsOf-H5<=270),L5,""))
A6: DEV-25-0102 | B6: 45752 | C6: QC Microbiology | D6: Incubator INC-02 | E6: Minor | F6: GDP / documentation error | G6: L. Haddad | H6: 45772 | K6: =IF(A6="","",IF(H6="","Open","Closed")) -> Closed | L6: =IF(A6="","",IF(H6="",AsOf-B6,H6-B6)) -> 20 | M6: =IF(A6="","",IF(AND(K6="Open",L6>Target),"Yes","No")) -> No | N6: =IF(K6<>"Open","",IF(L6<=30,"0-30",IF(L6<=60,"31-60",IF(L6<=90,"61-90","90+")))) | O6: =IF(A6="","",IF(COUNTIFS($D$5:$D$400,D6,$F$5:$F$400,F6,$B$5:$B$400,">="&(B6-RepeatWin),$B$5:$B$400,"<"&B6)>0,"Yes","No")) -> No | P6: =IF(OR(I6="",H6=""),"",H6+CapaDue) | Q6: =IF(A6="","",IF(I6="","Not required",IF(J6<>"","Closed",IF(H6="","Awaiting dev. close",IF(AsOf>P6,"Overdue","Open"))))) -> Not required | R6: =IF(J6="","",IF(COUNTIFS($D$5:$D$400,D6,$F$5:$F$400,F6,$B$5:$B$400,">"&J6,$B$5:$B$400,"<="&(J6+EffWin))>0,"Ineffective",IF(AsOf-J6>=EffWin,"Effective","Check pending"))) | S6: =IF(A6="","",DATE(YEAR(B6),MONTH(B6),1)) -> 45748 | T6: =IF(H6="","",DATE(YEAR(H6),MONTH(H6),1)) -> 45748 | U6: =IF(H6="","",IF(AsOf-H6<=90,L6,"")) | V6: =IF(H6="","",IF(AND(AsOf-H6>90,AsOf-H6<=270),L6,""))
A7: DEV-25-0103 | B7: 45757 | C7: Packaging | D7: Carton printer CP-1 | E7: Minor | F7: Equipment malfunction | G7: S. Okafor | H7: 45770 | K7: =IF(A7="","",IF(H7="","Open","Closed")) -> Closed | L7: =IF(A7="","",IF(H7="",AsOf-B7,H7-B7)) -> 13 | M7: =IF(A7="","",IF(AND(K7="Open",L7>Target),"Yes","No")) -> No | N7: =IF(K7<>"Open","",IF(L7<=30,"0-30",IF(L7<=60,"31-60",IF(L7<=90,"61-90","90+")))) | O7: =IF(A7="","",IF(COUNTIFS($D$5:$D$400,D7,$F$5:$F$400,F7,$B$5:$B$400,">="&(B7-RepeatWin),$B$5:$B$400,"<"&B7)>0,"Yes","No")) -> No | P7: =IF(OR(I7="",H7=""),"",H7+CapaDue) | Q7: =IF(A7="","",IF(I7="","Not required",IF(J7<>"","Closed",IF(H7="","Awaiting dev. close",IF(AsOf>P7,"Overdue","Open"))))) -> Not required | R7: =IF(J7="","",IF(COUNTIFS($D$5:$D$400,D7,$F$5:$F$400,F7,$B$5:$B$400,">"&J7,$B$5:$B$400,"<="&(J7+EffWin))>0,"Ineffective",IF(AsOf-J7>=EffWin,"Effective","Check pending"))) | S7: =IF(A7="","",DATE(YEAR(B7),MONTH(B7),1)) -> 45748 | T7: =IF(H7="","",DATE(YEAR(H7),MONTH(H7),1)) -> 45748 | U7: =IF(H7="","",IF(AsOf-H7<=90,L7,"")) | V7: =IF(H7="","",IF(AND(AsOf-H7>90,AsOf-H7<=270),L7,""))
A8: DEV-25-0104 | B8: 45758 | C8: Facilities | D8: Cleanroom HVAC AHU-3 | E8: Minor | F8: Preventive maintenance missed | G8: S. Okafor | H8: 45783 | K8: =IF(A8="","",IF(H8="","Open","Closed")) -> Closed | L8: =IF(A8="","",IF(H8="",AsOf-B8,H8-B8)) -> 25 | M8: =IF(A8="","",IF(AND(K8="Open",L8>Target),"Yes","No")) -> No | N8: =IF(K8<>"Open","",IF(L8<=30,"0-30",IF(L8<=60,"31-60",IF(L8<=90,"61-90","90+")))) | O8: =IF(A8="","",IF(COUNTIFS($D$5:$D$400,D8,$F$5:$F$400,F8,$B$5:$B$400,">="&(B8-RepeatWin),$B$5:$B$400,"<"&B8)>0,"Yes","No")) -> No | P8: =IF(OR(I8="",H8=""),"",H8+CapaDue) | Q8: =IF(A8="","",IF(I8="","Not required",IF(J8<>"","Closed",IF(H8="","Awaiting dev. close",IF(AsOf>P8,"Overdue","Open"))))) -> Not required | R8: =IF(J8="","",IF(COUNTIFS($D$5:$D$400,D8,$F$5:$F$400,F8,$B$5:$B$400,">"&J8,$B$5:$B$400,"<="&(J8+EffWin))>0,"Ineffective",IF(AsOf-J8>=EffWin,"Effective","Check pending"))) | S8: =IF(A8="","",DATE(YEAR(B8),MONTH(B8),1)) -> 45748 | T8: =IF(H8="","",DATE(YEAR(H8),MONTH(H8),1)) -> 45778 | U8: =IF(H8="","",IF(AsOf-H8<=90,L8,"")) | V8: =IF(H8="","",IF(AND(AsOf-H8>90,AsOf-H8<=270),L8,""))
A9: DEV-25-0105 | B9: 45762 | C9: QC Microbiology | D9: Incubator INC-02 | E9: Minor | F9: Training gap | G9: D. Kim | H9: 45783 | K9: =IF(A9="","",IF(H9="","Open","Closed")) -> Closed | L9: =IF(A9="","",IF(H9="",AsOf-B9,H9-B9)) -> 21 | M9: =IF(A9="","",IF(AND(K9="Open",L9>Target),"Yes","No")) -> No | N9: =IF(K9<>"Open","",IF(L9<=30,"0-30",IF(L9<=60,"31-60",IF(L9<=90,"61-90","90+")))) | O9: =IF(A9="","",IF(COUNTIFS($D$5:$D$400,D9,$F$5:$F$400,F9,$B$5:$B$400,">="&(B9-RepeatWin),$B$5:$B$400,"<"&B9)>0,"Yes","No")) -> No | P9: =IF(OR(I9="",H9=""),"",H9+CapaDue) | Q9: =IF(A9="","",IF(I9="","Not required",IF(J9<>"","Closed",IF(H9="","Awaiting dev. close",IF(AsOf>P9,"Overdue","Open"))))) -> Not required | R9: =IF(J9="","",IF(COUNTIFS($D$5:$D$400,D9,$F$5:$F$400,F9,$B$5:$B$400,">"&J9,$B$5:$B$400,"<="&(J9+EffWin))>0,"Ineffective",IF(AsOf-J9>=EffWin,"Effective","Check pending"))) | S9: =IF(A9="","",DATE(YEAR(B9),MONTH(B9),1)) -> 45748 | T9: =IF(H9="","",DATE(YEAR(H9),MONTH(H9),1)) -> 45778 | U9: =IF(H9="","",IF(AsOf-H9<=90,L9,"")) | V9: =IF(H9="","",IF(AND(AsOf-H9>90,AsOf-H9<=270),L9,""))
A10: DEV-25-0106 | B10: 45763 | C10: Valve assembly | D10: Frame crimping station | E10: Major | F10: Equipment malfunction | G10: L. Haddad | H10: 45786 | I10: CAPA-001 | J10: 45843 | K10: =IF(A10="","",IF(H10="","Open","Closed")) -> Closed | L10: =IF(A10="","",IF(H10="",AsOf-B10,H10-B10)) -> 23 | M10: =IF(A10="","",IF(AND(K10="Open",L10>Target),"Yes","No")) -> No | N10: =IF(K10<>"Open","",IF(L10<=30,"0-30",IF(L10<=60,"31-60",IF(L10<=90,"61-90","90+")))) | O10: =IF(A10="","",IF(COUNTIFS($D$5:$D$400,D10,$F$5:$F$400,F10,$B$5:$B$400,">="&(B10-RepeatWin),$B$5:$B$400,"<"&B10)>0,"Yes","No")) -> No | P10: =IF(OR(I10="",H10=""),"",H10+CapaDue) -> 45876 | Q10: =IF(A10="","",IF(I10="","Not required",IF(J10<>"","Closed",IF(H10="","Awaiting dev. close",IF(AsOf>P10,"Overdue","Open"))))) -> Closed | R10: =IF(J10="","",IF(COUNTIFS($D$5:$D$400,D10,$F$5:$F$400,F10,$B$5:$B$400,">"&J10,$B$5:$B$400,"<="&(J10+EffWin))>0,"Ineffective",IF(AsOf-J10>=EffWin,"Effective","Check pending"))) -> Effective | S10: =IF(A10="","",DATE(YEAR(B10),MONTH(B10),1)) -> 45748 | T10: =IF(H10="","",DATE(YEAR(H10),MONTH(H10),1)) -> 45778 | U10: =IF(H10="","",IF(AsOf-H10<=90,L10,"")) | V10: =IF(H10="","",IF(AND(AsOf-H10>90,AsOf-H10<=270),L10,""))
A11: DEV-25-0107 | B11: 45764 | C11: Packaging | D11: Packaging line PL-2 | E11: Major | F11: GDP / documentation error | G11: L. Haddad | H11: 45794 | I11: CAPA-002 | J11: 45834 | K11: =IF(A11="","",IF(H11="","Open","Closed")) -> Closed | L11: =IF(A11="","",IF(H11="",AsOf-B11,H11-B11)) -> 30 | M11: =IF(A11="","",IF(AND(K11="Open",L11>Target),"Yes","No")) -> No | N11: =IF(K11<>"Open","",IF(L11<=30,"0-30",IF(L11<=60,"31-60",IF(L11<=90,"61-90","90+")))) | O11: =IF(A11="","",IF(COUNTIFS($D$5:$D$400,D11,$F$5:$F$400,F11,$B$5:$B$400,">="&(B11-RepeatWin),$B$5:$B$400,"<"&B11)>0,"Yes","No")) -> No | P11: =IF(OR(I11="",H11=""),"",H11+CapaDue) -> 45884 | Q11: =IF(A11="","",IF(I11="","Not required",IF(J11<>"","Closed",IF(H11="","Awaiting dev. close",IF(AsOf>P11,"Overdue","Open"))))) -> Closed | R11: =IF(J11="","",IF(COUNTIFS($D$5:$D$400,D11,$F$5:$F$400,F11,$B$5:$B$400,">"&J11,$B$5:$B$400,"<="&(J11+EffWin))>0,"Ineffective",IF(AsOf-J11>=EffWin,"Effective","Check pending"))) -> Effective | S11: =IF(A11="","",DATE(YEAR(B11),MONTH(B11),1)) -> 45748 | T11: =IF(H11="","",DATE(YEAR(H11),MONTH(H11),1)) -> 45778 | U11: =IF(H11="","",IF(AsOf-H11<=90,L11,"")) | V11: =IF(H11="","",IF(AND(AsOf-H11>90,AsOf-H11<=270),L11,""))
A12: DEV-25-0108 | B12: 45770 | C12: Valve assembly | D12: Tissue rinse station | E12: Minor | F12: Procedure not followed | G12: K. Tran | H12: 45794 | K12: =IF(A12="","",IF(H12="","Open","Closed")) -> Closed | L12: =IF(A12="","",IF(H12="",AsOf-B12,H12-B12)) -> 24 | M12: =IF(A12="","",IF(AND(K12="Open",L12>Target),"Yes","No")) -> No | N12: =IF(K12<>"Open","",IF(L12<=30,"0-30",IF(L12<=60,"31-60",IF(L12<=90,"61-90","90+")))) | O12: =IF(A12="","",IF(COUNTIFS($D$5:$D$400,D12,$F$5:$F$400,F12,$B$5:$B$400,">="&(B12-RepeatWin),$B$5:$B$400,"<"&B12)>0,"Yes","No")) -> No | P12: =IF(OR(I12="",H12=""),"",H12+CapaDue) | Q12: =IF(A12="","",IF(I12="","Not required",IF(J12<>"","Closed",IF(H12="","Awaiting dev. close",IF(AsOf>P12,"Overdue","Open"))))) -> Not required | R12: =IF(J12="","",IF(COUNTIFS($D$5:$D$400,D12,$F$5:$F$400,F12,$B$5:$B$400,">"&J12,$B$5:$B$400,"<="&(J12+EffWin))>0,"Ineffective",IF(AsOf-J12>=EffWin,"Effective","Check pending"))) | S12: =IF(A12="","",DATE(YEAR(B12),MONTH(B12),1)) -> 45748 | T12: =IF(H12="","",DATE(YEAR(H12),MONTH(H12),1)) -> 45778 | U12: =IF(H12="","",IF(AsOf-H12<=90,L12,"")) | V12: =IF(H12="","",IF(AND(AsOf-H12>90,AsOf-H12<=270),L12,""))
A13: DEV-25-0109 | B13: 45772 | C13: QC Microbiology | D13: Media preparation | E13: Minor | F13: Training gap | G13: K. Tran | H13: 45786 | K13: =IF(A13="","",IF(H13="","Open","Closed")) -> Closed | L13: =IF(A13="","",IF(H13="",AsOf-B13,H13-B13)) -> 14 | M13: =IF(A13="","",IF(AND(K13="Open",L13>Target),"Yes","No")) -> No | N13: =IF(K13<>"Open","",IF(L13<=30,"0-30",IF(L13<=60,"31-60",IF(L13<=90,"61-90","90+")))) | O13: =IF(A13="","",IF(COUNTIFS($D$5:$D$400,D13,$F$5:$F$400,F13,$B$5:$B$400,">="&(B13-RepeatWin),$B$5:$B$400,"<"&B13)>0,"Yes","No")) -> No | P13: =IF(OR(I13="",H13=""),"",H13+CapaDue) | Q13: =IF(A13="","",IF(I13="","Not required",IF(J13<>"","Closed",IF(H13="","Awaiting dev. close",IF(AsOf>P13,"Overdue","Open"))))) -> Not required | R13: =IF(J13="","",IF(COUNTIFS($D$5:$D$400,D13,$F$5:$F$400,F13,$B$5:$B$400,">"&J13,$B$5:$B$400,"<="&(J13+EffWin))>0,"Ineffective",IF(AsOf-J13>=EffWin,"Effective","Check pending"))) | S13: =IF(A13="","",DATE(YEAR(B13),MONTH(B13),1)) -> 45748 | T13: =IF(H13="","",DATE(YEAR(H13),MONTH(H13),1)) -> 45778 | U13: =IF(H13="","",IF(AsOf-H13<=90,L13,"")) | V13: =IF(H13="","",IF(AND(AsOf-H13>90,AsOf-H13<=270),L13,""))
A14: DEV-25-0110 | B14: 45775 | C14: Facilities | D14: Cleanroom HVAC AHU-2 | E14: Critical | F14: Environmental excursion | G14: R. Patel | H14: 45799 | I14: CAPA-003 | J14: 45891 | K14: =IF(A14="","",IF(H14="","Open","Closed")) -> Closed | L14: =IF(A14="","",IF(H14="",AsOf-B14,H14-B14)) -> 24 | M14: =IF(A14="","",IF(AND(K14="Open",L14>Target),"Yes","No")) -> No | N14: =IF(K14<>"Open","",IF(L14<=30,"0-30",IF(L14<=60,"31-60",IF(L14<=90,"61-90","90+")))) | O14: =IF(A14="","",IF(COUNTIFS($D$5:$D$400,D14,$F$5:$F$400,F14,$B$5:$B$400,">="&(B14-RepeatWin),$B$5:$B$400,"<"&B14)>0,"Yes","No")) -> No | P14: =IF(OR(I14="",H14=""),"",H14+CapaDue) -> 45889 | Q14: =IF(A14="","",IF(I14="","Not required",IF(J14<>"","Closed",IF(H14="","Awaiting dev. close",IF(AsOf>P14,"Overdue","Open"))))) -> Closed | R14: =IF(J14="","",IF(COUNTIFS($D$5:$D$400,D14,$F$5:$F$400,F14,$B$5:$B$400,">"&J14,$B$5:$B$400,"<="&(J14+EffWin))>0,"Ineffective",IF(AsOf-J14>=EffWin,"Effective","Check pending"))) -> Effective | S14: =IF(A14="","",DATE(YEAR(B14),MONTH(B14),1)) -> 45748 | T14: =IF(H14="","",DATE(YEAR(H14),MONTH(H14),1)) -> 45778 | U14: =IF(H14="","",IF(AsOf-H14<=90,L14,"")) | V14: =IF(H14="","",IF(AND(AsOf-H14>90,AsOf-H14<=270),L14,""))
A15: DEV-25-0111 | B15: 45781 | C15: Facilities | D15: WFI loop | E15: Major | F15: Equipment malfunction | G15: R. Patel | H15: 45804 | I15: CAPA-004 | J15: 45881 | K15: =IF(A15="","",IF(H15="","Open","Closed")) -> Closed | L15: =IF(A15="","",IF(H15="",AsOf-B15,H15-B15)) -> 23 | M15: =IF(A15="","",IF(AND(K15="Open",L15>Target),"Yes","No")) -> No | N15: =IF(K15<>"Open","",IF(L15<=30,"0-30",IF(L15<=60,"31-60",IF(L15<=90,"61-90","90+")))) | O15: =IF(A15="","",IF(COUNTIFS($D$5:$D$400,D15,$F$5:$F$400,F15,$B$5:$B$400,">="&(B15-RepeatWin),$B$5:$B$400,"<"&B15)>0,"Yes","No")) -> No | P15: =IF(OR(I15="",H15=""),"",H15+CapaDue) -> 45894 | Q15: =IF(A15="","",IF(I15="","Not required",IF(J15<>"","Closed",IF(H15="","Awaiting dev. close",IF(AsOf>P15,"Overdue","Open"))))) -> Closed | R15: =IF(J15="","",IF(COUNTIFS($D$5:$D$400,D15,$F$5:$F$400,F15,$B$5:$B$400,">"&J15,$B$5:$B$400,"<="&(J15+EffWin))>0,"Ineffective",IF(AsOf-J15>=EffWin,"Effective","Check pending"))) -> Effective | S15: =IF(A15="","",DATE(YEAR(B15),MONTH(B15),1)) -> 45778 | T15: =IF(H15="","",DATE(YEAR(H15),MONTH(H15),1)) -> 45778 | U15: =IF(H15="","",IF(AsOf-H15<=90,L15,"")) | V15: =IF(H15="","",IF(AND(AsOf-H15>90,AsOf-H15<=270),L15,""))
A16: DEV-25-0112 | B16: 45785 | C16: QC Microbiology | D16: EM sampling | E16: Minor | F16: Training gap | G16: J. Alvarez | H16: 45802 | K16: =IF(A16="","",IF(H16="","Open","Closed")) -> Closed | L16: =IF(A16="","",IF(H16="",AsOf-B16,H16-B16)) -> 17 | M16: =IF(A16="","",IF(AND(K16="Open",L16>Target),"Yes","No")) -> No | N16: =IF(K16<>"Open","",IF(L16<=30,"0-30",IF(L16<=60,"31-60",IF(L16<=90,"61-90","90+")))) | O16: =IF(A16="","",IF(COUNTIFS($D$5:$D$400,D16,$F$5:$F$400,F16,$B$5:$B$400,">="&(B16-RepeatWin),$B$5:$B$400,"<"&B16)>0,"Yes","No")) -> No | P16: =IF(OR(I16="",H16=""),"",H16+CapaDue) | Q16: =IF(A16="","",IF(I16="","Not required",IF(J16<>"","Closed",IF(H16="","Awaiting dev. close",IF(AsOf>P16,"Overdue","Open"))))) -> Not required | R16: =IF(J16="","",IF(COUNTIFS($D$5:$D$400,D16,$F$5:$F$400,F16,$B$5:$B$400,">"&J16,$B$5:$B$400,"<="&(J16+EffWin))>0,"Ineffective",IF(AsOf-J16>=EffWin,"Effective","Check pending"))) | S16: =IF(A16="","",DATE(YEAR(B16),MONTH(B16),1)) -> 45778 | T16: =IF(H16="","",DATE(YEAR(H16),MONTH(H16),1)) -> 45778 | U16: =IF(H16="","",IF(AsOf-H16<=90,L16,"")) | V16: =IF(H16="","",IF(AND(AsOf-H16>90,AsOf-H16<=270),L16,""))
A17: DEV-25-0113 | B17: 45787 | C17: Facilities | D17: Compressed air system | E17: Major | F17: Preventive maintenance missed | G17: J. Alvarez | H17: 45811 | I17: CAPA-005 | J17: 45899 | K17: =IF(A17="","",IF(H17="","Open","Closed")) -> Closed | L17: =IF(A17="","",IF(H17="",AsOf-B17,H17-B17)) -> 24 | M17: =IF(A17="","",IF(AND(K17="Open",L17>Target),"Yes","No")) -> No | N17: =IF(K17<>"Open","",IF(L17<=30,"0-30",IF(L17<=60,"31-60",IF(L17<=90,"61-90","90+")))) | O17: =IF(A17="","",IF(COUNTIFS($D$5:$D$400,D17,$F$5:$F$400,F17,$B$5:$B$400,">="&(B17-RepeatWin),$B$5:$B$400,"<"&B17)>0,"Yes","No")) -> No | P17: =IF(OR(I17="",H17=""),"",H17+CapaDue) -> 45901 | Q17: =IF(A17="","",IF(I17="","Not required",IF(J17<>"","Closed",IF(H17="","Awaiting dev. close",IF(AsOf>P17,"Overdue","Open"))))) -> Closed | R17: =IF(J17="","",IF(COUNTIFS($D$5:$D$400,D17,$F$5:$F$400,F17,$B$5:$B$400,">"&J17,$B$5:$B$400,"<="&(J17+EffWin))>0,"Ineffective",IF(AsOf-J17>=EffWin,"Effective","Check pending"))) -> Effective | S17: =IF(A17="","",DATE(YEAR(B17),MONTH(B17),1)) -> 45778 | T17: =IF(H17="","",DATE(YEAR(H17),MONTH(H17),1)) -> 45809 | U17: =IF(H17="","",IF(AsOf-H17<=90,L17,"")) | V17: =IF(H17="","",IF(AND(AsOf-H17>90,AsOf-H17<=270),L17,""))
A18: DEV-25-0114 | B18: 45790 | C18: Valve assembly | D18: Tissue rinse station | E18: Minor | F18: GDP / documentation error | G18: S. Okafor | H18: 45808 | K18: =IF(A18="","",IF(H18="","Open","Closed")) -> Closed | L18: =IF(A18="","",IF(H18="",AsOf-B18,H18-B18)) -> 18 | M18: =IF(A18="","",IF(AND(K18="Open",L18>Target),"Yes","No")) -> No | N18: =IF(K18<>"Open","",IF(L18<=30,"0-30",IF(L18<=60,"31-60",IF(L18<=90,"61-90","90+")))) | O18: =IF(A18="","",IF(COUNTIFS($D$5:$D$400,D18,$F$5:$F$400,F18,$B$5:$B$400,">="&(B18-RepeatWin),$B$5:$B$400,"<"&B18)>0,"Yes","No")) -> No | P18: =IF(OR(I18="",H18=""),"",H18+CapaDue) | Q18: =IF(A18="","",IF(I18="","Not required",IF(J18<>"","Closed",IF(H18="","Awaiting dev. close",IF(AsOf>P18,"Overdue","Open"))))) -> Not required | R18: =IF(J18="","",IF(COUNTIFS($D$5:$D$400,D18,$F$5:$F$400,F18,$B$5:$B$400,">"&J18,$B$5:$B$400,"<="&(J18+EffWin))>0,"Ineffective",IF(AsOf-J18>=EffWin,"Effective","Check pending"))) | S18: =IF(A18="","",DATE(YEAR(B18),MONTH(B18),1)) -> 45778 | T18: =IF(H18="","",DATE(YEAR(H18),MONTH(H18),1)) -> 45778 | U18: =IF(H18="","",IF(AsOf-H18<=90,L18,"")) | V18: =IF(H18="","",IF(AND(AsOf-H18>90,AsOf-H18<=270),L18,""))
A19: DEV-25-0115 | B19: 45791 | C19: Valve assembly | D19: Holder assembly | E19: Minor | F19: GDP / documentation error | G19: J. Alvarez | H19: 45810 | K19: =IF(A19="","",IF(H19="","Open","Closed")) -> Closed | L19: =IF(A19="","",IF(H19="",AsOf-B19,H19-B19)) -> 19 | M19: =IF(A19="","",IF(AND(K19="Open",L19>Target),"Yes","No")) -> No | N19: =IF(K19<>"Open","",IF(L19<=30,"0-30",IF(L19<=60,"31-60",IF(L19<=90,"61-90","90+")))) | O19: =IF(A19="","",IF(COUNTIFS($D$5:$D$400,D19,$F$5:$F$400,F19,$B$5:$B$400,">="&(B19-RepeatWin),$B$5:$B$400,"<"&B19)>0,"Yes","No")) -> No | P19: =IF(OR(I19="",H19=""),"",H19+CapaDue) | Q19: =IF(A19="","",IF(I19="","Not required",IF(J19<>"","Closed",IF(H19="","Awaiting dev. close",IF(AsOf>P19,"Overdue","Open"))))) -> Not required | R19: =IF(J19="","",IF(COUNTIFS($D$5:$D$400,D19,$F$5:$F$400,F19,$B$5:$B$400,">"&J19,$B$5:$B$400,"<="&(J19+EffWin))>0,"Ineffective",IF(AsOf-J19>=EffWin,"Effective","Check pending"))) | S19: =IF(A19="","",DATE(YEAR(B19),MONTH(B19),1)) -> 45778 | T19: =IF(H19="","",DATE(YEAR(H19),MONTH(H19),1)) -> 45809 | U19: =IF(H19="","",IF(AsOf-H19<=90,L19,"")) | V19: =IF(H19="","",IF(AND(AsOf-H19>90,AsOf-H19<=270),L19,""))
A20: DEV-25-0116 | B20: 45791 | C20: Valve assembly | D20: Batch record review | E20: Minor | F20: Supplier material defect | G20: D. Kim | H20: 45808 | K20: =IF(A20="","",IF(H20="","Open","Closed")) -> Closed | L20: =IF(A20="","",IF(H20="",AsOf-B20,H20-B20)) -> 17 | M20: =IF(A20="","",IF(AND(K20="Open",L20>Target),"Yes","No")) -> No | N20: =IF(K20<>"Open","",IF(L20<=30,"0-30",IF(L20<=60,"31-60",IF(L20<=90,"61-90","90+")))) | O20: =IF(A20="","",IF(COUNTIFS($D$5:$D$400,D20,$F$5:$F$400,F20,$B$5:$B$400,">="&(B20-RepeatWin),$B$5:$B$400,"<"&B20)>0,"Yes","No")) -> No | P20: =IF(OR(I20="",H20=""),"",H20+CapaDue) | Q20: =IF(A20="","",IF(I20="","Not required",IF(J20<>"","Closed",IF(H20="","Awaiting dev. close",IF(AsOf>P20,"Overdue","Open"))))) -> Not required | R20: =IF(J20="","",IF(COUNTIFS($D$5:$D$400,D20,$F$5:$F$400,F20,$B$5:$B$400,">"&J20,$B$5:$B$400,"<="&(J20+EffWin))>0,"Ineffective",IF(AsOf-J20>=EffWin,"Effective","Check pending"))) | S20: =IF(A20="","",DATE(YEAR(B20),MONTH(B20),1)) -> 45778 | T20: =IF(H20="","",DATE(YEAR(H20),MONTH(H20),1)) -> 45778 | U20: =IF(H20="","",IF(AsOf-H20<=90,L20,"")) | V20: =IF(H20="","",IF(AND(AsOf-H20>90,AsOf-H20<=270),L20,""))
A21: DEV-25-0117 | B21: 45798 | C21: Valve assembly | D21: Batch record review | E21: Minor | F21: Equipment malfunction | G21: L. Haddad | H21: 45824 | K21: =IF(A21="","",IF(H21="","Open","Closed")) -> Closed | L21: =IF(A21="","",IF(H21="",AsOf-B21,H21-B21)) -> 26 | M21: =IF(A21="","",IF(AND(K21="Open",L21>Target),"Yes","No")) -> No | N21: =IF(K21<>"Open","",IF(L21<=30,"0-30",IF(L21<=60,"31-60",IF(L21<=90,"61-90","90+")))) | O21: =IF(A21="","",IF(COUNTIFS($D$5:$D$400,D21,$F$5:$F$400,F21,$B$5:$B$400,">="&(B21-RepeatWin),$B$5:$B$400,"<"&B21)>0,"Yes","No")) -> No | P21: =IF(OR(I21="",H21=""),"",H21+CapaDue) | Q21: =IF(A21="","",IF(I21="","Not required",IF(J21<>"","Closed",IF(H21="","Awaiting dev. close",IF(AsOf>P21,"Overdue","Open"))))) -> Not required | R21: =IF(J21="","",IF(COUNTIFS($D$5:$D$400,D21,$F$5:$F$400,F21,$B$5:$B$400,">"&J21,$B$5:$B$400,"<="&(J21+EffWin))>0,"Ineffective",IF(AsOf-J21>=EffWin,"Effective","Check pending"))) | S21: =IF(A21="","",DATE(YEAR(B21),MONTH(B21),1)) -> 45778 | T21: =IF(H21="","",DATE(YEAR(H21),MONTH(H21),1)) -> 45809 | U21: =IF(H21="","",IF(AsOf-H21<=90,L21,"")) | V21: =IF(H21="","",IF(AND(AsOf-H21>90,AsOf-H21<=270),L21,""))
A22: DEV-25-0118 | B22: 45804 | C22: Facilities | D22: Cleanroom HVAC AHU-3 | E22: Minor | F22: Environmental excursion | G22: S. Okafor | H22: 45816 | K22: =IF(A22="","",IF(H22="","Open","Closed")) -> Closed | L22: =IF(A22="","",IF(H22="",AsOf-B22,H22-B22)) -> 12 | M22: =IF(A22="","",IF(AND(K22="Open",L22>Target),"Yes","No")) -> No | N22: =IF(K22<>"Open","",IF(L22<=30,"0-30",IF(L22<=60,"31-60",IF(L22<=90,"61-90","90+")))) | O22: =IF(A22="","",IF(COUNTIFS($D$5:$D$400,D22,$F$5:$F$400,F22,$B$5:$B$400,">="&(B22-RepeatWin),$B$5:$B$400,"<"&B22)>0,"Yes","No")) -> No | P22: =IF(OR(I22="",H22=""),"",H22+CapaDue) | Q22: =IF(A22="","",IF(I22="","Not required",IF(J22<>"","Closed",IF(H22="","Awaiting dev. close",IF(AsOf>P22,"Overdue","Open"))))) -> Not required | R22: =IF(J22="","",IF(COUNTIFS($D$5:$D$400,D22,$F$5:$F$400,F22,$B$5:$B$400,">"&J22,$B$5:$B$400,"<="&(J22+EffWin))>0,"Ineffective",IF(AsOf-J22>=EffWin,"Effective","Check pending"))) | S22: =IF(A22="","",DATE(YEAR(B22),MONTH(B22),1)) -> 45778 | T22: =IF(H22="","",DATE(YEAR(H22),MONTH(H22),1)) -> 45809 | U22: =IF(H22="","",IF(AsOf-H22<=90,L22,"")) | V22: =IF(H22="","",IF(AND(AsOf-H22>90,AsOf-H22<=270),L22,""))
A23: DEV-25-0119 | B23: 45805 | C23: Valve assembly | D23: Batch record review | E23: Minor | F23: Procedure not followed | G23: K. Tran | H23: 45822 | K23: =IF(A23="","",IF(H23="","Open","Closed")) -> Closed | L23: =IF(A23="","",IF(H23="",AsOf-B23,H23-B23)) -> 17 | M23: =IF(A23="","",IF(AND(K23="Open",L23>Target),"Yes","No")) -> No | N23: =IF(K23<>"Open","",IF(L23<=30,"0-30",IF(L23<=60,"31-60",IF(L23<=90,"61-90","90+")))) | O23: =IF(A23="","",IF(COUNTIFS($D$5:$D$400,D23,$F$5:$F$400,F23,$B$5:$B$400,">="&(B23-RepeatWin),$B$5:$B$400,"<"&B23)>0,"Yes","No")) -> No | P23: =IF(OR(I23="",H23=""),"",H23+CapaDue) | Q23: =IF(A23="","",IF(I23="","Not required",IF(J23<>"","Closed",IF(H23="","Awaiting dev. close",IF(AsOf>P23,"Overdue","Open"))))) -> Not required | R23: =IF(J23="","",IF(COUNTIFS($D$5:$D$400,D23,$F$5:$F$400,F23,$B$5:$B$400,">"&J23,$B$5:$B$400,"<="&(J23+EffWin))>0,"Ineffective",IF(AsOf-J23>=EffWin,"Effective","Check pending"))) | S23: =IF(A23="","",DATE(YEAR(B23),MONTH(B23),1)) -> 45778 | T23: =IF(H23="","",DATE(YEAR(H23),MONTH(H23),1)) -> 45809 | U23: =IF(H23="","",IF(AsOf-H23<=90,L23,"")) | V23: =IF(H23="","",IF(AND(AsOf-H23>90,AsOf-H23<=270),L23,""))
A24: DEV-25-0120 | B24: 45810 | C24: Valve assembly | D24: Tissue rinse station | E24: Minor | F24: Equipment malfunction | G24: J. Alvarez | H24: 45822 | K24: =IF(A24="","",IF(H24="","Open","Closed")) -> Closed | L24: =IF(A24="","",IF(H24="",AsOf-B24,H24-B24)) -> 12 | M24: =IF(A24="","",IF(AND(K24="Open",L24>Target),"Yes","No")) -> No | N24: =IF(K24<>"Open","",IF(L24<=30,"0-30",IF(L24<=60,"31-60",IF(L24<=90,"61-90","90+")))) | O24: =IF(A24="","",IF(COUNTIFS($D$5:$D$400,D24,$F$5:$F$400,F24,$B$5:$B$400,">="&(B24-RepeatWin),$B$5:$B$400,"<"&B24)>0,"Yes","No")) -> No | P24: =IF(OR(I24="",H24=""),"",H24+CapaDue) | Q24: =IF(A24="","",IF(I24="","Not required",IF(J24<>"","Closed",IF(H24="","Awaiting dev. close",IF(AsOf>P24,"Overdue","Open"))))) -> Not required | R24: =IF(J24="","",IF(COUNTIFS($D$5:$D$400,D24,$F$5:$F$400,F24,$B$5:$B$400,">"&J24,$B$5:$B$400,"<="&(J24+EffWin))>0,"Ineffective",IF(AsOf-J24>=EffWin,"Effective","Check pending"))) | S24: =IF(A24="","",DATE(YEAR(B24),MONTH(B24),1)) -> 45809 | T24: =IF(H24="","",DATE(YEAR(H24),MONTH(H24),1)) -> 45809 | U24: =IF(H24="","",IF(AsOf-H24<=90,L24,"")) | V24: =IF(H24="","",IF(AND(AsOf-H24>90,AsOf-H24<=270),L24,""))
A25: DEV-25-0121 | B25: 45815 | C25: Packaging | D25: Packaging line PL-1 | E25: Minor | F25: GDP / documentation error | G25: D. Kim | H25: 45833 | K25: =IF(A25="","",IF(H25="","Open","Closed")) -> Closed | L25: =IF(A25="","",IF(H25="",AsOf-B25,H25-B25)) -> 18 | M25: =IF(A25="","",IF(AND(K25="Open",L25>Target),"Yes","No")) -> No | N25: =IF(K25<>"Open","",IF(L25<=30,"0-30",IF(L25<=60,"31-60",IF(L25<=90,"61-90","90+")))) | O25: =IF(A25="","",IF(COUNTIFS($D$5:$D$400,D25,$F$5:$F$400,F25,$B$5:$B$400,">="&(B25-RepeatWin),$B$5:$B$400,"<"&B25)>0,"Yes","No")) -> No | P25: =IF(OR(I25="",H25=""),"",H25+CapaDue) | Q25: =IF(A25="","",IF(I25="","Not required",IF(J25<>"","Closed",IF(H25="","Awaiting dev. close",IF(AsOf>P25,"Overdue","Open"))))) -> Not required | R25: =IF(J25="","",IF(COUNTIFS($D$5:$D$400,D25,$F$5:$F$400,F25,$B$5:$B$400,">"&J25,$B$5:$B$400,"<="&(J25+EffWin))>0,"Ineffective",IF(AsOf-J25>=EffWin,"Effective","Check pending"))) | S25: =IF(A25="","",DATE(YEAR(B25),MONTH(B25),1)) -> 45809 | T25: =IF(H25="","",DATE(YEAR(H25),MONTH(H25),1)) -> 45809 | U25: =IF(H25="","",IF(AsOf-H25<=90,L25,"")) | V25: =IF(H25="","",IF(AND(AsOf-H25>90,AsOf-H25<=270),L25,""))
A26: DEV-25-0122 | B26: 45818 | C26: Warehouse | D26: Quarantine cage | E26: Minor | F26: GDP / documentation error | G26: S. Okafor | H26: 45846 | K26: =IF(A26="","",IF(H26="","Open","Closed")) -> Closed | L26: =IF(A26="","",IF(H26="",AsOf-B26,H26-B26)) -> 28 | M26: =IF(A26="","",IF(AND(K26="Open",L26>Target),"Yes","No")) -> No | N26: =IF(K26<>"Open","",IF(L26<=30,"0-30",IF(L26<=60,"31-60",IF(L26<=90,"61-90","90+")))) | O26: =IF(A26="","",IF(COUNTIFS($D$5:$D$400,D26,$F$5:$F$400,F26,$B$5:$B$400,">="&(B26-RepeatWin),$B$5:$B$400,"<"&B26)>0,"Yes","No")) -> No | P26: =IF(OR(I26="",H26=""),"",H26+CapaDue) | Q26: =IF(A26="","",IF(I26="","Not required",IF(J26<>"","Closed",IF(H26="","Awaiting dev. close",IF(AsOf>P26,"Overdue","Open"))))) -> Not required | R26: =IF(J26="","",IF(COUNTIFS($D$5:$D$400,D26,$F$5:$F$400,F26,$B$5:$B$400,">"&J26,$B$5:$B$400,"<="&(J26+EffWin))>0,"Ineffective",IF(AsOf-J26>=EffWin,"Effective","Check pending"))) | S26: =IF(A26="","",DATE(YEAR(B26),MONTH(B26),1)) -> 45809 | T26: =IF(H26="","",DATE(YEAR(H26),MONTH(H26),1)) -> 45839 | U26: =IF(H26="","",IF(AsOf-H26<=90,L26,"")) | V26: =IF(H26="","",IF(AND(AsOf-H26>90,AsOf-H26<=270),L26,""))
A27: DEV-25-0123 | B27: 45823 | C27: Packaging | D27: Pouch sealer PS-2 | E27: Major | F27: Equipment malfunction | G27: S. Okafor | H27: 45848 | I27: CAPA-006 | J27: 45899 | K27: =IF(A27="","",IF(H27="","Open","Closed")) -> Closed | L27: =IF(A27="","",IF(H27="",AsOf-B27,H27-B27)) -> 25 | M27: =IF(A27="","",IF(AND(K27="Open",L27>Target),"Yes","No")) -> No | N27: =IF(K27<>"Open","",IF(L27<=30,"0-30",IF(L27<=60,"31-60",IF(L27<=90,"61-90","90+")))) | O27: =IF(A27="","",IF(COUNTIFS($D$5:$D$400,D27,$F$5:$F$400,F27,$B$5:$B$400,">="&(B27-RepeatWin),$B$5:$B$400,"<"&B27)>0,"Yes","No")) -> No | P27: =IF(OR(I27="",H27=""),"",H27+CapaDue) -> 45938 | Q27: =IF(A27="","",IF(I27="","Not required",IF(J27<>"","Closed",IF(H27="","Awaiting dev. close",IF(AsOf>P27,"Overdue","Open"))))) -> Closed | R27: =IF(J27="","",IF(COUNTIFS($D$5:$D$400,D27,$F$5:$F$400,F27,$B$5:$B$400,">"&J27,$B$5:$B$400,"<="&(J27+EffWin))>0,"Ineffective",IF(AsOf-J27>=EffWin,"Effective","Check pending"))) -> Effective | S27: =IF(A27="","",DATE(YEAR(B27),MONTH(B27),1)) -> 45809 | T27: =IF(H27="","",DATE(YEAR(H27),MONTH(H27),1)) -> 45839 | U27: =IF(H27="","",IF(AsOf-H27<=90,L27,"")) | V27: =IF(H27="","",IF(AND(AsOf-H27>90,AsOf-H27<=270),L27,""))
A28: DEV-25-0124 | B28: 45824 | C28: Sterilization | D28: Preconditioning room PC-1 | E28: Minor | F28: Calibration overdue | G28: K. Tran | H28: 45844 | K28: =IF(A28="","",IF(H28="","Open","Closed")) -> Closed | L28: =IF(A28="","",IF(H28="",AsOf-B28,H28-B28)) -> 20 | M28: =IF(A28="","",IF(AND(K28="Open",L28>Target),"Yes","No")) -> No | N28: =IF(K28<>"Open","",IF(L28<=30,"0-30",IF(L28<=60,"31-60",IF(L28<=90,"61-90","90+")))) | O28: =IF(A28="","",IF(COUNTIFS($D$5:$D$400,D28,$F$5:$F$400,F28,$B$5:$B$400,">="&(B28-RepeatWin),$B$5:$B$400,"<"&B28)>0,"Yes","No")) -> No | P28: =IF(OR(I28="",H28=""),"",H28+CapaDue) | Q28: =IF(A28="","",IF(I28="","Not required",IF(J28<>"","Closed",IF(H28="","Awaiting dev. close",IF(AsOf>P28,"Overdue","Open"))))) -> Not required | R28: =IF(J28="","",IF(COUNTIFS($D$5:$D$400,D28,$F$5:$F$400,F28,$B$5:$B$400,">"&J28,$B$5:$B$400,"<="&(J28+EffWin))>0,"Ineffective",IF(AsOf-J28>=EffWin,"Effective","Check pending"))) | S28: =IF(A28="","",DATE(YEAR(B28),MONTH(B28),1)) -> 45809 | T28: =IF(H28="","",DATE(YEAR(H28),MONTH(H28),1)) -> 45839 | U28: =IF(H28="","",IF(AsOf-H28<=90,L28,"")) | V28: =IF(H28="","",IF(AND(AsOf-H28>90,AsOf-H28<=270),L28,""))
A29: DEV-25-0125 | B29: 45829 | C29: Warehouse | D29: Raw material sampling | E29: Minor | F29: Temperature excursion | G29: M. Chen | H29: 45854 | K29: =IF(A29="","",IF(H29="","Open","Closed")) -> Closed | L29: =IF(A29="","",IF(H29="",AsOf-B29,H29-B29)) -> 25 | M29: =IF(A29="","",IF(AND(K29="Open",L29>Target),"Yes","No")) -> No | N29: =IF(K29<>"Open","",IF(L29<=30,"0-30",IF(L29<=60,"31-60",IF(L29<=90,"61-90","90+")))) | O29: =IF(A29="","",IF(COUNTIFS($D$5:$D$400,D29,$F$5:$F$400,F29,$B$5:$B$400,">="&(B29-RepeatWin),$B$5:$B$400,"<"&B29)>0,"Yes","No")) -> No | P29: =IF(OR(I29="",H29=""),"",H29+CapaDue) | Q29: =IF(A29="","",IF(I29="","Not required",IF(J29<>"","Closed",IF(H29="","Awaiting dev. close",IF(AsOf>P29,"Overdue","Open"))))) -> Not required | R29: =IF(J29="","",IF(COUNTIFS($D$5:$D$400,D29,$F$5:$F$400,F29,$B$5:$B$400,">"&J29,$B$5:$B$400,"<="&(J29+EffWin))>0,"Ineffective",IF(AsOf-J29>=EffWin,"Effective","Check pending"))) | S29: =IF(A29="","",DATE(YEAR(B29),MONTH(B29),1)) -> 45809 | T29: =IF(H29="","",DATE(YEAR(H29),MONTH(H29),1)) -> 45839 | U29: =IF(H29="","",IF(AsOf-H29<=90,L29,"")) | V29: =IF(H29="","",IF(AND(AsOf-H29>90,AsOf-H29<=270),L29,""))
A30: DEV-25-0126 | B30: 45834 | C30: Warehouse | D30: Cold storage CS-1 | E30: Minor | F30: Temperature excursion | G30: M. Chen | H30: 45856 | K30: =IF(A30="","",IF(H30="","Open","Closed")) -> Closed | L30: =IF(A30="","",IF(H30="",AsOf-B30,H30-B30)) -> 22 | M30: =IF(A30="","",IF(AND(K30="Open",L30>Target),"Yes","No")) -> No | N30: =IF(K30<>"Open","",IF(L30<=30,"0-30",IF(L30<=60,"31-60",IF(L30<=90,"61-90","90+")))) | O30: =IF(A30="","",IF(COUNTIFS($D$5:$D$400,D30,$F$5:$F$400,F30,$B$5:$B$400,">="&(B30-RepeatWin),$B$5:$B$400,"<"&B30)>0,"Yes","No")) -> No | P30: =IF(OR(I30="",H30=""),"",H30+CapaDue) | Q30: =IF(A30="","",IF(I30="","Not required",IF(J30<>"","Closed",IF(H30="","Awaiting dev. close",IF(AsOf>P30,"Overdue","Open"))))) -> Not required | R30: =IF(J30="","",IF(COUNTIFS($D$5:$D$400,D30,$F$5:$F$400,F30,$B$5:$B$400,">"&J30,$B$5:$B$400,"<="&(J30+EffWin))>0,"Ineffective",IF(AsOf-J30>=EffWin,"Effective","Check pending"))) | S30: =IF(A30="","",DATE(YEAR(B30),MONTH(B30),1)) -> 45809 | T30: =IF(H30="","",DATE(YEAR(H30),MONTH(H30),1)) -> 45839 | U30: =IF(H30="","",IF(AsOf-H30<=90,L30,"")) | V30: =IF(H30="","",IF(AND(AsOf-H30>90,AsOf-H30<=270),L30,""))
A31: DEV-25-0127 | B31: 45834 | C31: Warehouse | D31: Finished goods dispatch | E31: Minor | F31: Supplier material defect | G31: S. Okafor | H31: 45848 | K31: =IF(A31="","",IF(H31="","Open","Closed")) -> Closed | L31: =IF(A31="","",IF(H31="",AsOf-B31,H31-B31)) -> 14 | M31: =IF(A31="","",IF(AND(K31="Open",L31>Target),"Yes","No")) -> No | N31: =IF(K31<>"Open","",IF(L31<=30,"0-30",IF(L31<=60,"31-60",IF(L31<=90,"61-90","90+")))) | O31: =IF(A31="","",IF(COUNTIFS($D$5:$D$400,D31,$F$5:$F$400,F31,$B$5:$B$400,">="&(B31-RepeatWin),$B$5:$B$400,"<"&B31)>0,"Yes","No")) -> No | P31: =IF(OR(I31="",H31=""),"",H31+CapaDue) | Q31: =IF(A31="","",IF(I31="","Not required",IF(J31<>"","Closed",IF(H31="","Awaiting dev. close",IF(AsOf>P31,"Overdue","Open"))))) -> Not required | R31: =IF(J31="","",IF(COUNTIFS($D$5:$D$400,D31,$F$5:$F$400,F31,$B$5:$B$400,">"&J31,$B$5:$B$400,"<="&(J31+EffWin))>0,"Ineffective",IF(AsOf-J31>=EffWin,"Effective","Check pending"))) | S31: =IF(A31="","",DATE(YEAR(B31),MONTH(B31),1)) -> 45809 | T31: =IF(H31="","",DATE(YEAR(H31),MONTH(H31),1)) -> 45839 | U31: =IF(H31="","",IF(AsOf-H31<=90,L31,"")) | V31: =IF(H31="","",IF(AND(AsOf-H31>90,AsOf-H31<=270),L31,""))
A32: DEV-25-0128 | B32: 45835 | C32: Valve assembly | D32: Batch record review | E32: Minor | F32: GDP / documentation error | G32: D. Kim | H32: 45853 | K32: =IF(A32="","",IF(H32="","Open","Closed")) -> Closed | L32: =IF(A32="","",IF(H32="",AsOf-B32,H32-B32)) -> 18 | M32: =IF(A32="","",IF(AND(K32="Open",L32>Target),"Yes","No")) -> No | N32: =IF(K32<>"Open","",IF(L32<=30,"0-30",IF(L32<=60,"31-60",IF(L32<=90,"61-90","90+")))) | O32: =IF(A32="","",IF(COUNTIFS($D$5:$D$400,D32,$F$5:$F$400,F32,$B$5:$B$400,">="&(B32-RepeatWin),$B$5:$B$400,"<"&B32)>0,"Yes","No")) -> No | P32: =IF(OR(I32="",H32=""),"",H32+CapaDue) | Q32: =IF(A32="","",IF(I32="","Not required",IF(J32<>"","Closed",IF(H32="","Awaiting dev. close",IF(AsOf>P32,"Overdue","Open"))))) -> Not required | R32: =IF(J32="","",IF(COUNTIFS($D$5:$D$400,D32,$F$5:$F$400,F32,$B$5:$B$400,">"&J32,$B$5:$B$400,"<="&(J32+EffWin))>0,"Ineffective",IF(AsOf-J32>=EffWin,"Effective","Check pending"))) | S32: =IF(A32="","",DATE(YEAR(B32),MONTH(B32),1)) -> 45809 | T32: =IF(H32="","",DATE(YEAR(H32),MONTH(H32),1)) -> 45839 | U32: =IF(H32="","",IF(AsOf-H32<=90,L32,"")) | V32: =IF(H32="","",IF(AND(AsOf-H32>90,AsOf-H32<=270),L32,""))
A33: DEV-25-0129 | B33: 45837 | C33: QC Microbiology | D33: Endotoxin (LAL) testing | E33: Minor | F33: GDP / documentation error | G33: M. Chen | H33: 45856 | K33: =IF(A33="","",IF(H33="","Open","Closed")) -> Closed | L33: =IF(A33="","",IF(H33="",AsOf-B33,H33-B33)) -> 19 | M33: =IF(A33="","",IF(AND(K33="Open",L33>Target),"Yes","No")) -> No | N33: =IF(K33<>"Open","",IF(L33<=30,"0-30",IF(L33<=60,"31-60",IF(L33<=90,"61-90","90+")))) | O33: =IF(A33="","",IF(COUNTIFS($D$5:$D$400,D33,$F$5:$F$400,F33,$B$5:$B$400,">="&(B33-RepeatWin),$B$5:$B$400,"<"&B33)>0,"Yes","No")) -> No | P33: =IF(OR(I33="",H33=""),"",H33+CapaDue) | Q33: =IF(A33="","",IF(I33="","Not required",IF(J33<>"","Closed",IF(H33="","Awaiting dev. close",IF(AsOf>P33,"Overdue","Open"))))) -> Not required | R33: =IF(J33="","",IF(COUNTIFS($D$5:$D$400,D33,$F$5:$F$400,F33,$B$5:$B$400,">"&J33,$B$5:$B$400,"<="&(J33+EffWin))>0,"Ineffective",IF(AsOf-J33>=EffWin,"Effective","Check pending"))) | S33: =IF(A33="","",DATE(YEAR(B33),MONTH(B33),1)) -> 45809 | T33: =IF(H33="","",DATE(YEAR(H33),MONTH(H33),1)) -> 45839 | U33: =IF(H33="","",IF(AsOf-H33<=90,L33,"")) | V33: =IF(H33="","",IF(AND(AsOf-H33>90,AsOf-H33<=270),L33,""))
A34: DEV-25-0130 | B34: 45840 | C34: Valve assembly | D34: Frame crimping station | E34: Critical | F34: GDP / documentation error | G34: M. Chen | H34: 45867 | I34: CAPA-007 | J34: 45936 | K34: =IF(A34="","",IF(H34="","Open","Closed")) -> Closed | L34: =IF(A34="","",IF(H34="",AsOf-B34,H34-B34)) -> 27 | M34: =IF(A34="","",IF(AND(K34="Open",L34>Target),"Yes","No")) -> No | N34: =IF(K34<>"Open","",IF(L34<=30,"0-30",IF(L34<=60,"31-60",IF(L34<=90,"61-90","90+")))) | O34: =IF(A34="","",IF(COUNTIFS($D$5:$D$400,D34,$F$5:$F$400,F34,$B$5:$B$400,">="&(B34-RepeatWin),$B$5:$B$400,"<"&B34)>0,"Yes","No")) -> No | P34: =IF(OR(I34="",H34=""),"",H34+CapaDue) -> 45957 | Q34: =IF(A34="","",IF(I34="","Not required",IF(J34<>"","Closed",IF(H34="","Awaiting dev. close",IF(AsOf>P34,"Overdue","Open"))))) -> Closed | R34: =IF(J34="","",IF(COUNTIFS($D$5:$D$400,D34,$F$5:$F$400,F34,$B$5:$B$400,">"&J34,$B$5:$B$400,"<="&(J34+EffWin))>0,"Ineffective",IF(AsOf-J34>=EffWin,"Effective","Check pending"))) -> Effective | S34: =IF(A34="","",DATE(YEAR(B34),MONTH(B34),1)) -> 45839 | T34: =IF(H34="","",DATE(YEAR(H34),MONTH(H34),1)) -> 45839 | U34: =IF(H34="","",IF(AsOf-H34<=90,L34,"")) | V34: =IF(H34="","",IF(AND(AsOf-H34>90,AsOf-H34<=270),L34,""))
A35: DEV-25-0131 | B35: 45844 | C35: Packaging | D35: Label printer LP-3 | E35: Minor | F35: Equipment malfunction | G35: K. Tran | H35: 45859 | K35: =IF(A35="","",IF(H35="","Open","Closed")) -> Closed | L35: =IF(A35="","",IF(H35="",AsOf-B35,H35-B35)) -> 15 | M35: =IF(A35="","",IF(AND(K35="Open",L35>Target),"Yes","No")) -> No | N35: =IF(K35<>"Open","",IF(L35<=30,"0-30",IF(L35<=60,"31-60",IF(L35<=90,"61-90","90+")))) | O35: =IF(A35="","",IF(COUNTIFS($D$5:$D$400,D35,$F$5:$F$400,F35,$B$5:$B$400,">="&(B35-RepeatWin),$B$5:$B$400,"<"&B35)>0,"Yes","No")) -> No | P35: =IF(OR(I35="",H35=""),"",H35+CapaDue) | Q35: =IF(A35="","",IF(I35="","Not required",IF(J35<>"","Closed",IF(H35="","Awaiting dev. close",IF(AsOf>P35,"Overdue","Open"))))) -> Not required | R35: =IF(J35="","",IF(COUNTIFS($D$5:$D$400,D35,$F$5:$F$400,F35,$B$5:$B$400,">"&J35,$B$5:$B$400,"<="&(J35+EffWin))>0,"Ineffective",IF(AsOf-J35>=EffWin,"Effective","Check pending"))) | S35: =IF(A35="","",DATE(YEAR(B35),MONTH(B35),1)) -> 45839 | T35: =IF(H35="","",DATE(YEAR(H35),MONTH(H35),1)) -> 45839 | U35: =IF(H35="","",IF(AsOf-H35<=90,L35,"")) | V35: =IF(H35="","",IF(AND(AsOf-H35>90,AsOf-H35<=270),L35,""))
A36: DEV-25-0132 | B36: 45846 | C36: Valve assembly | D36: Batch record review | E36: Minor | F36: Training gap | G36: R. Patel | H36: 45860 | K36: =IF(A36="","",IF(H36="","Open","Closed")) -> Closed | L36: =IF(A36="","",IF(H36="",AsOf-B36,H36-B36)) -> 14 | M36: =IF(A36="","",IF(AND(K36="Open",L36>Target),"Yes","No")) -> No | N36: =IF(K36<>"Open","",IF(L36<=30,"0-30",IF(L36<=60,"31-60",IF(L36<=90,"61-90","90+")))) | O36: =IF(A36="","",IF(COUNTIFS($D$5:$D$400,D36,$F$5:$F$400,F36,$B$5:$B$400,">="&(B36-RepeatWin),$B$5:$B$400,"<"&B36)>0,"Yes","No")) -> No | P36: =IF(OR(I36="",H36=""),"",H36+CapaDue) | Q36: =IF(A36="","",IF(I36="","Not required",IF(J36<>"","Closed",IF(H36="","Awaiting dev. close",IF(AsOf>P36,"Overdue","Open"))))) -> Not required | R36: =IF(J36="","",IF(COUNTIFS($D$5:$D$400,D36,$F$5:$F$400,F36,$B$5:$B$400,">"&J36,$B$5:$B$400,"<="&(J36+EffWin))>0,"Ineffective",IF(AsOf-J36>=EffWin,"Effective","Check pending"))) | S36: =IF(A36="","",DATE(YEAR(B36),MONTH(B36),1)) -> 45839 | T36: =IF(H36="","",DATE(YEAR(H36),MONTH(H36),1)) -> 45839 | U36: =IF(H36="","",IF(AsOf-H36<=90,L36,"")) | V36: =IF(H36="","",IF(AND(AsOf-H36>90,AsOf-H36<=270),L36,""))
A37: DEV-25-0133 | B37: 45847 | C37: Facilities | D37: Gowning room GR-2 | E37: Critical | F37: Preventive maintenance missed | G37: M. Chen | H37: 45867 | I37: CAPA-008 | J37: 45933 | K37: =IF(A37="","",IF(H37="","Open","Closed")) -> Closed | L37: =IF(A37="","",IF(H37="",AsOf-B37,H37-B37)) -> 20 | M37: =IF(A37="","",IF(AND(K37="Open",L37>Target),"Yes","No")) -> No | N37: =IF(K37<>"Open","",IF(L37<=30,"0-30",IF(L37<=60,"31-60",IF(L37<=90,"61-90","90+")))) | O37: =IF(A37="","",IF(COUNTIFS($D$5:$D$400,D37,$F$5:$F$400,F37,$B$5:$B$400,">="&(B37-RepeatWin),$B$5:$B$400,"<"&B37)>0,"Yes","No")) -> No | P37: =IF(OR(I37="",H37=""),"",H37+CapaDue) -> 45957 | Q37: =IF(A37="","",IF(I37="","Not required",IF(J37<>"","Closed",IF(H37="","Awaiting dev. close",IF(AsOf>P37,"Overdue","Open"))))) -> Closed | R37: =IF(J37="","",IF(COUNTIFS($D$5:$D$400,D37,$F$5:$F$400,F37,$B$5:$B$400,">"&J37,$B$5:$B$400,"<="&(J37+EffWin))>0,"Ineffective",IF(AsOf-J37>=EffWin,"Effective","Check pending"))) -> Effective | S37: =IF(A37="","",DATE(YEAR(B37),MONTH(B37),1)) -> 45839 | T37: =IF(H37="","",DATE(YEAR(H37),MONTH(H37),1)) -> 45839 | U37: =IF(H37="","",IF(AsOf-H37<=90,L37,"")) | V37: =IF(H37="","",IF(AND(AsOf-H37>90,AsOf-H37<=270),L37,""))
A38: DEV-25-0134 | B38: 45850 | C38: QC Microbiology | D38: Endotoxin (LAL) testing | E38: Minor | F38: Procedure not followed | G38: S. Okafor | H38: 45861 | K38: =IF(A38="","",IF(H38="","Open","Closed")) -> Closed | L38: =IF(A38="","",IF(H38="",AsOf-B38,H38-B38)) -> 11 | M38: =IF(A38="","",IF(AND(K38="Open",L38>Target),"Yes","No")) -> No | N38: =IF(K38<>"Open","",IF(L38<=30,"0-30",IF(L38<=60,"31-60",IF(L38<=90,"61-90","90+")))) | O38: =IF(A38="","",IF(COUNTIFS($D$5:$D$400,D38,$F$5:$F$400,F38,$B$5:$B$400,">="&(B38-RepeatWin),$B$5:$B$400,"<"&B38)>0,"Yes","No")) -> No | P38: =IF(OR(I38="",H38=""),"",H38+CapaDue) | Q38: =IF(A38="","",IF(I38="","Not required",IF(J38<>"","Closed",IF(H38="","Awaiting dev. close",IF(AsOf>P38,"Overdue","Open"))))) -> Not required | R38: =IF(J38="","",IF(COUNTIFS($D$5:$D$400,D38,$F$5:$F$400,F38,$B$5:$B$400,">"&J38,$B$5:$B$400,"<="&(J38+EffWin))>0,"Ineffective",IF(AsOf-J38>=EffWin,"Effective","Check pending"))) | S38: =IF(A38="","",DATE(YEAR(B38),MONTH(B38),1)) -> 45839 | T38: =IF(H38="","",DATE(YEAR(H38),MONTH(H38),1)) -> 45839 | U38: =IF(H38="","",IF(AsOf-H38<=90,L38,"")) | V38: =IF(H38="","",IF(AND(AsOf-H38>90,AsOf-H38<=270),L38,""))
A39: DEV-25-0135 | B39: 45851 | C39: QC Microbiology | D39: Bioburden testing | E39: Minor | F39: Sample handling error | G39: D. Kim | H39: 45866 | K39: =IF(A39="","",IF(H39="","Open","Closed")) -> Closed | L39: =IF(A39="","",IF(H39="",AsOf-B39,H39-B39)) -> 15 | M39: =IF(A39="","",IF(AND(K39="Open",L39>Target),"Yes","No")) -> No | N39: =IF(K39<>"Open","",IF(L39<=30,"0-30",IF(L39<=60,"31-60",IF(L39<=90,"61-90","90+")))) | O39: =IF(A39="","",IF(COUNTIFS($D$5:$D$400,D39,$F$5:$F$400,F39,$B$5:$B$400,">="&(B39-RepeatWin),$B$5:$B$400,"<"&B39)>0,"Yes","No")) -> No | P39: =IF(OR(I39="",H39=""),"",H39+CapaDue) | Q39: =IF(A39="","",IF(I39="","Not required",IF(J39<>"","Closed",IF(H39="","Awaiting dev. close",IF(AsOf>P39,"Overdue","Open"))))) -> Not required | R39: =IF(J39="","",IF(COUNTIFS($D$5:$D$400,D39,$F$5:$F$400,F39,$B$5:$B$400,">"&J39,$B$5:$B$400,"<="&(J39+EffWin))>0,"Ineffective",IF(AsOf-J39>=EffWin,"Effective","Check pending"))) | S39: =IF(A39="","",DATE(YEAR(B39),MONTH(B39),1)) -> 45839 | T39: =IF(H39="","",DATE(YEAR(H39),MONTH(H39),1)) -> 45839 | U39: =IF(H39="","",IF(AsOf-H39<=90,L39,"")) | V39: =IF(H39="","",IF(AND(AsOf-H39>90,AsOf-H39<=270),L39,""))
A40: DEV-25-0136 | B40: 45858 | C40: QC Microbiology | D40: Sterility testing | E40: Major | F40: GDP / documentation error | G40: J. Alvarez | H40: 45893 | I40: CAPA-009 | J40: 45962 | K40: =IF(A40="","",IF(H40="","Open","Closed")) -> Closed | L40: =IF(A40="","",IF(H40="",AsOf-B40,H40-B40)) -> 35 | M40: =IF(A40="","",IF(AND(K40="Open",L40>Target),"Yes","No")) -> No | N40: =IF(K40<>"Open","",IF(L40<=30,"0-30",IF(L40<=60,"31-60",IF(L40<=90,"61-90","90+")))) | O40: =IF(A40="","",IF(COUNTIFS($D$5:$D$400,D40,$F$5:$F$400,F40,$B$5:$B$400,">="&(B40-RepeatWin),$B$5:$B$400,"<"&B40)>0,"Yes","No")) -> No | P40: =IF(OR(I40="",H40=""),"",H40+CapaDue) -> 45983 | Q40: =IF(A40="","",IF(I40="","Not required",IF(J40<>"","Closed",IF(H40="","Awaiting dev. close",IF(AsOf>P40,"Overdue","Open"))))) -> Closed | R40: =IF(J40="","",IF(COUNTIFS($D$5:$D$400,D40,$F$5:$F$400,F40,$B$5:$B$400,">"&J40,$B$5:$B$400,"<="&(J40+EffWin))>0,"Ineffective",IF(AsOf-J40>=EffWin,"Effective","Check pending"))) -> Effective | S40: =IF(A40="","",DATE(YEAR(B40),MONTH(B40),1)) -> 45839 | T40: =IF(H40="","",DATE(YEAR(H40),MONTH(H40),1)) -> 45870 | U40: =IF(H40="","",IF(AsOf-H40<=90,L40,"")) | V40: =IF(H40="","",IF(AND(AsOf-H40>90,AsOf-H40<=270),L40,""))
A41: DEV-25-0137 | B41: 45858 | C41: Warehouse | D41: Receiving inspection | E41: Minor | F41: GDP / documentation error | G41: D. Kim | H41: 45871 | K41: =IF(A41="","",IF(H41="","Open","Closed")) -> Closed | L41: =IF(A41="","",IF(H41="",AsOf-B41,H41-B41)) -> 13 | M41: =IF(A41="","",IF(AND(K41="Open",L41>Target),"Yes","No")) -> No | N41: =IF(K41<>"Open","",IF(L41<=30,"0-30",IF(L41<=60,"31-60",IF(L41<=90,"61-90","90+")))) | O41: =IF(A41="","",IF(COUNTIFS($D$5:$D$400,D41,$F$5:$F$400,F41,$B$5:$B$400,">="&(B41-RepeatWin),$B$5:$B$400,"<"&B41)>0,"Yes","No")) -> No | P41: =IF(OR(I41="",H41=""),"",H41+CapaDue) | Q41: =IF(A41="","",IF(I41="","Not required",IF(J41<>"","Closed",IF(H41="","Awaiting dev. close",IF(AsOf>P41,"Overdue","Open"))))) -> Not required | R41: =IF(J41="","",IF(COUNTIFS($D$5:$D$400,D41,$F$5:$F$400,F41,$B$5:$B$400,">"&J41,$B$5:$B$400,"<="&(J41+EffWin))>0,"Ineffective",IF(AsOf-J41>=EffWin,"Effective","Check pending"))) | S41: =IF(A41="","",DATE(YEAR(B41),MONTH(B41),1)) -> 45839 | T41: =IF(H41="","",DATE(YEAR(H41),MONTH(H41),1)) -> 45870 | U41: =IF(H41="","",IF(AsOf-H41<=90,L41,"")) | V41: =IF(H41="","",IF(AND(AsOf-H41>90,AsOf-H41<=270),L41,""))
A42: DEV-25-0138 | B42: 45867 | C42: Valve assembly | D42: Frame crimping station | E42: Minor | F42: Procedure not followed | G42: S. Okafor | H42: 45885 | K42: =IF(A42="","",IF(H42="","Open","Closed")) -> Closed | L42: =IF(A42="","",IF(H42="",AsOf-B42,H42-B42)) -> 18 | M42: =IF(A42="","",IF(AND(K42="Open",L42>Target),"Yes","No")) -> No | N42: =IF(K42<>"Open","",IF(L42<=30,"0-30",IF(L42<=60,"31-60",IF(L42<=90,"61-90","90+")))) | O42: =IF(A42="","",IF(COUNTIFS($D$5:$D$400,D42,$F$5:$F$400,F42,$B$5:$B$400,">="&(B42-RepeatWin),$B$5:$B$400,"<"&B42)>0,"Yes","No")) -> No | P42: =IF(OR(I42="",H42=""),"",H42+CapaDue) | Q42: =IF(A42="","",IF(I42="","Not required",IF(J42<>"","Closed",IF(H42="","Awaiting dev. close",IF(AsOf>P42,"Overdue","Open"))))) -> Not required | R42: =IF(J42="","",IF(COUNTIFS($D$5:$D$400,D42,$F$5:$F$400,F42,$B$5:$B$400,">"&J42,$B$5:$B$400,"<="&(J42+EffWin))>0,"Ineffective",IF(AsOf-J42>=EffWin,"Effective","Check pending"))) | S42: =IF(A42="","",DATE(YEAR(B42),MONTH(B42),1)) -> 45839 | T42: =IF(H42="","",DATE(YEAR(H42),MONTH(H42),1)) -> 45870 | U42: =IF(H42="","",IF(AsOf-H42<=90,L42,"")) | V42: =IF(H42="","",IF(AND(AsOf-H42>90,AsOf-H42<=270),L42,""))
A43: DEV-25-0139 | B43: 45868 | C43: Valve assembly | D43: Leaflet suturing cell 1 | E43: Major | F43: Procedure not followed | G43: M. Chen | H43: 45886 | I43: CAPA-010 | J43: 45971 | K43: =IF(A43="","",IF(H43="","Open","Closed")) -> Closed | L43: =IF(A43="","",IF(H43="",AsOf-B43,H43-B43)) -> 18 | M43: =IF(A43="","",IF(AND(K43="Open",L43>Target),"Yes","No")) -> No | N43: =IF(K43<>"Open","",IF(L43<=30,"0-30",IF(L43<=60,"31-60",IF(L43<=90,"61-90","90+")))) | O43: =IF(A43="","",IF(COUNTIFS($D$5:$D$400,D43,$F$5:$F$400,F43,$B$5:$B$400,">="&(B43-RepeatWin),$B$5:$B$400,"<"&B43)>0,"Yes","No")) -> No | P43: =IF(OR(I43="",H43=""),"",H43+CapaDue) -> 45976 | Q43: =IF(A43="","",IF(I43="","Not required",IF(J43<>"","Closed",IF(H43="","Awaiting dev. close",IF(AsOf>P43,"Overdue","Open"))))) -> Closed | R43: =IF(J43="","",IF(COUNTIFS($D$5:$D$400,D43,$F$5:$F$400,F43,$B$5:$B$400,">"&J43,$B$5:$B$400,"<="&(J43+EffWin))>0,"Ineffective",IF(AsOf-J43>=EffWin,"Effective","Check pending"))) -> Effective | S43: =IF(A43="","",DATE(YEAR(B43),MONTH(B43),1)) -> 45839 | T43: =IF(H43="","",DATE(YEAR(H43),MONTH(H43),1)) -> 45870 | U43: =IF(H43="","",IF(AsOf-H43<=90,L43,"")) | V43: =IF(H43="","",IF(AND(AsOf-H43>90,AsOf-H43<=270),L43,""))
A44: DEV-25-0140 | B44: 45870 | C44: Valve assembly | D44: Leaflet suturing cell 2 | E44: Minor | F44: Procedure not followed | G44: M. Chen | H44: 45883 | K44: =IF(A44="","",IF(H44="","Open","Closed")) -> Closed | L44: =IF(A44="","",IF(H44="",AsOf-B44,H44-B44)) -> 13 | M44: =IF(A44="","",IF(AND(K44="Open",L44>Target),"Yes","No")) -> No | N44: =IF(K44<>"Open","",IF(L44<=30,"0-30",IF(L44<=60,"31-60",IF(L44<=90,"61-90","90+")))) | O44: =IF(A44="","",IF(COUNTIFS($D$5:$D$400,D44,$F$5:$F$400,F44,$B$5:$B$400,">="&(B44-RepeatWin),$B$5:$B$400,"<"&B44)>0,"Yes","No")) -> No | P44: =IF(OR(I44="",H44=""),"",H44+CapaDue) | Q44: =IF(A44="","",IF(I44="","Not required",IF(J44<>"","Closed",IF(H44="","Awaiting dev. close",IF(AsOf>P44,"Overdue","Open"))))) -> Not required | R44: =IF(J44="","",IF(COUNTIFS($D$5:$D$400,D44,$F$5:$F$400,F44,$B$5:$B$400,">"&J44,$B$5:$B$400,"<="&(J44+EffWin))>0,"Ineffective",IF(AsOf-J44>=EffWin,"Effective","Check pending"))) | S44: =IF(A44="","",DATE(YEAR(B44),MONTH(B44),1)) -> 45870 | T44: =IF(H44="","",DATE(YEAR(H44),MONTH(H44),1)) -> 45870 | U44: =IF(H44="","",IF(AsOf-H44<=90,L44,"")) | V44: =IF(H44="","",IF(AND(AsOf-H44>90,AsOf-H44<=270),L44,""))
A45: DEV-25-0141 | B45: 45874 | C45: QC Microbiology | D45: EM sampling | E45: Minor | F45: GDP / documentation error | G45: L. Haddad | H45: 45893 | K45: =IF(A45="","",IF(H45="","Open","Closed")) -> Closed | L45: =IF(A45="","",IF(H45="",AsOf-B45,H45-B45)) -> 19 | M45: =IF(A45="","",IF(AND(K45="Open",L45>Target),"Yes","No")) -> No | N45: =IF(K45<>"Open","",IF(L45<=30,"0-30",IF(L45<=60,"31-60",IF(L45<=90,"61-90","90+")))) | O45: =IF(A45="","",IF(COUNTIFS($D$5:$D$400,D45,$F$5:$F$400,F45,$B$5:$B$400,">="&(B45-RepeatWin),$B$5:$B$400,"<"&B45)>0,"Yes","No")) -> No | P45: =IF(OR(I45="",H45=""),"",H45+CapaDue) | Q45: =IF(A45="","",IF(I45="","Not required",IF(J45<>"","Closed",IF(H45="","Awaiting dev. close",IF(AsOf>P45,"Overdue","Open"))))) -> Not required | R45: =IF(J45="","",IF(COUNTIFS($D$5:$D$400,D45,$F$5:$F$400,F45,$B$5:$B$400,">"&J45,$B$5:$B$400,"<="&(J45+EffWin))>0,"Ineffective",IF(AsOf-J45>=EffWin,"Effective","Check pending"))) | S45: =IF(A45="","",DATE(YEAR(B45),MONTH(B45),1)) -> 45870 | T45: =IF(H45="","",DATE(YEAR(H45),MONTH(H45),1)) -> 45870 | U45: =IF(H45="","",IF(AsOf-H45<=90,L45,"")) | V45: =IF(H45="","",IF(AND(AsOf-H45>90,AsOf-H45<=270),L45,""))
A46: DEV-25-0142 | B46: 45879 | C46: Valve assembly | D46: Final inspection bench | E46: Minor | F46: Equipment malfunction | G46: M. Chen | H46: 45891 | K46: =IF(A46="","",IF(H46="","Open","Closed")) -> Closed | L46: =IF(A46="","",IF(H46="",AsOf-B46,H46-B46)) -> 12 | M46: =IF(A46="","",IF(AND(K46="Open",L46>Target),"Yes","No")) -> No | N46: =IF(K46<>"Open","",IF(L46<=30,"0-30",IF(L46<=60,"31-60",IF(L46<=90,"61-90","90+")))) | O46: =IF(A46="","",IF(COUNTIFS($D$5:$D$400,D46,$F$5:$F$400,F46,$B$5:$B$400,">="&(B46-RepeatWin),$B$5:$B$400,"<"&B46)>0,"Yes","No")) -> No | P46: =IF(OR(I46="",H46=""),"",H46+CapaDue) | Q46: =IF(A46="","",IF(I46="","Not required",IF(J46<>"","Closed",IF(H46="","Awaiting dev. close",IF(AsOf>P46,"Overdue","Open"))))) -> Not required | R46: =IF(J46="","",IF(COUNTIFS($D$5:$D$400,D46,$F$5:$F$400,F46,$B$5:$B$400,">"&J46,$B$5:$B$400,"<="&(J46+EffWin))>0,"Ineffective",IF(AsOf-J46>=EffWin,"Effective","Check pending"))) | S46: =IF(A46="","",DATE(YEAR(B46),MONTH(B46),1)) -> 45870 | T46: =IF(H46="","",DATE(YEAR(H46),MONTH(H46),1)) -> 45870 | U46: =IF(H46="","",IF(AsOf-H46<=90,L46,"")) | V46: =IF(H46="","",IF(AND(AsOf-H46>90,AsOf-H46<=270),L46,""))
A47: DEV-25-0143 | B47: 45880 | C47: Sterilization | D47: EtO chamber ST-2 | E47: Minor | F47: Equipment malfunction | G47: J. Alvarez | H47: 45899 | K47: =IF(A47="","",IF(H47="","Open","Closed")) -> Closed | L47: =IF(A47="","",IF(H47="",AsOf-B47,H47-B47)) -> 19 | M47: =IF(A47="","",IF(AND(K47="Open",L47>Target),"Yes","No")) -> No | N47: =IF(K47<>"Open","",IF(L47<=30,"0-30",IF(L47<=60,"31-60",IF(L47<=90,"61-90","90+")))) | O47: =IF(A47="","",IF(COUNTIFS($D$5:$D$400,D47,$F$5:$F$400,F47,$B$5:$B$400,">="&(B47-RepeatWin),$B$5:$B$400,"<"&B47)>0,"Yes","No")) -> No | P47: =IF(OR(I47="",H47=""),"",H47+CapaDue) | Q47: =IF(A47="","",IF(I47="","Not required",IF(J47<>"","Closed",IF(H47="","Awaiting dev. close",IF(AsOf>P47,"Overdue","Open"))))) -> Not required | R47: =IF(J47="","",IF(COUNTIFS($D$5:$D$400,D47,$F$5:$F$400,F47,$B$5:$B$400,">"&J47,$B$5:$B$400,"<="&(J47+EffWin))>0,"Ineffective",IF(AsOf-J47>=EffWin,"Effective","Check pending"))) | S47: =IF(A47="","",DATE(YEAR(B47),MONTH(B47),1)) -> 45870 | T47: =IF(H47="","",DATE(YEAR(H47),MONTH(H47),1)) -> 45870 | U47: =IF(H47="","",IF(AsOf-H47<=90,L47,"")) | V47: =IF(H47="","",IF(AND(AsOf-H47>90,AsOf-H47<=270),L47,""))
A48: DEV-25-0144 | B48: 45880 | C48: Valve assembly | D48: Final inspection bench | E48: Critical | F48: Procedure not followed | G48: K. Tran | H48: 45903 | I48: CAPA-011 | J48: 45981 | K48: =IF(A48="","",IF(H48="","Open","Closed")) -> Closed | L48: =IF(A48="","",IF(H48="",AsOf-B48,H48-B48)) -> 23 | M48: =IF(A48="","",IF(AND(K48="Open",L48>Target),"Yes","No")) -> No | N48: =IF(K48<>"Open","",IF(L48<=30,"0-30",IF(L48<=60,"31-60",IF(L48<=90,"61-90","90+")))) | O48: =IF(A48="","",IF(COUNTIFS($D$5:$D$400,D48,$F$5:$F$400,F48,$B$5:$B$400,">="&(B48-RepeatWin),$B$5:$B$400,"<"&B48)>0,"Yes","No")) -> No | P48: =IF(OR(I48="",H48=""),"",H48+CapaDue) -> 45993 | Q48: =IF(A48="","",IF(I48="","Not required",IF(J48<>"","Closed",IF(H48="","Awaiting dev. close",IF(AsOf>P48,"Overdue","Open"))))) -> Closed | R48: =IF(J48="","",IF(COUNTIFS($D$5:$D$400,D48,$F$5:$F$400,F48,$B$5:$B$400,">"&J48,$B$5:$B$400,"<="&(J48+EffWin))>0,"Ineffective",IF(AsOf-J48>=EffWin,"Effective","Check pending"))) -> Effective | S48: =IF(A48="","",DATE(YEAR(B48),MONTH(B48),1)) -> 45870 | T48: =IF(H48="","",DATE(YEAR(H48),MONTH(H48),1)) -> 45901 | U48: =IF(H48="","",IF(AsOf-H48<=90,L48,"")) | V48: =IF(H48="","",IF(AND(AsOf-H48>90,AsOf-H48<=270),L48,""))
A49: DEV-25-0145 | B49: 45881 | C49: Valve assembly | D49: Leaflet suturing cell 1 | E49: Minor | F49: Supplier material defect | G49: R. Patel | H49: 45902 | K49: =IF(A49="","",IF(H49="","Open","Closed")) -> Closed | L49: =IF(A49="","",IF(H49="",AsOf-B49,H49-B49)) -> 21 | M49: =IF(A49="","",IF(AND(K49="Open",L49>Target),"Yes","No")) -> No | N49: =IF(K49<>"Open","",IF(L49<=30,"0-30",IF(L49<=60,"31-60",IF(L49<=90,"61-90","90+")))) | O49: =IF(A49="","",IF(COUNTIFS($D$5:$D$400,D49,$F$5:$F$400,F49,$B$5:$B$400,">="&(B49-RepeatWin),$B$5:$B$400,"<"&B49)>0,"Yes","No")) -> No | P49: =IF(OR(I49="",H49=""),"",H49+CapaDue) | Q49: =IF(A49="","",IF(I49="","Not required",IF(J49<>"","Closed",IF(H49="","Awaiting dev. close",IF(AsOf>P49,"Overdue","Open"))))) -> Not required | R49: =IF(J49="","",IF(COUNTIFS($D$5:$D$400,D49,$F$5:$F$400,F49,$B$5:$B$400,">"&J49,$B$5:$B$400,"<="&(J49+EffWin))>0,"Ineffective",IF(AsOf-J49>=EffWin,"Effective","Check pending"))) | S49: =IF(A49="","",DATE(YEAR(B49),MONTH(B49),1)) -> 45870 | T49: =IF(H49="","",DATE(YEAR(H49),MONTH(H49),1)) -> 45901 | U49: =IF(H49="","",IF(AsOf-H49<=90,L49,"")) | V49: =IF(H49="","",IF(AND(AsOf-H49>90,AsOf-H49<=270),L49,""))
A50: DEV-25-0146 | B50: 45886 | C50: QC Microbiology | D50: Sterility testing | E50: Minor | F50: Sample handling error | G50: D. Kim | H50: 45904 | K50: =IF(A50="","",IF(H50="","Open","Closed")) -> Closed | L50: =IF(A50="","",IF(H50="",AsOf-B50,H50-B50)) -> 18 | M50: =IF(A50="","",IF(AND(K50="Open",L50>Target),"Yes","No")) -> No | N50: =IF(K50<>"Open","",IF(L50<=30,"0-30",IF(L50<=60,"31-60",IF(L50<=90,"61-90","90+")))) | O50: =IF(A50="","",IF(COUNTIFS($D$5:$D$400,D50,$F$5:$F$400,F50,$B$5:$B$400,">="&(B50-RepeatWin),$B$5:$B$400,"<"&B50)>0,"Yes","No")) -> No | P50: =IF(OR(I50="",H50=""),"",H50+CapaDue) | Q50: =IF(A50="","",IF(I50="","Not required",IF(J50<>"","Closed",IF(H50="","Awaiting dev. close",IF(AsOf>P50,"Overdue","Open"))))) -> Not required | R50: =IF(J50="","",IF(COUNTIFS($D$5:$D$400,D50,$F$5:$F$400,F50,$B$5:$B$400,">"&J50,$B$5:$B$400,"<="&(J50+EffWin))>0,"Ineffective",IF(AsOf-J50>=EffWin,"Effective","Check pending"))) | S50: =IF(A50="","",DATE(YEAR(B50),MONTH(B50),1)) -> 45870 | T50: =IF(H50="","",DATE(YEAR(H50),MONTH(H50),1)) -> 45901 | U50: =IF(H50="","",IF(AsOf-H50<=90,L50,"")) | V50: =IF(H50="","",IF(AND(AsOf-H50>90,AsOf-H50<=270),L50,""))
A51: DEV-25-0147 | B51: 45899 | C51: Packaging | D51: Label printer LP-3 | E51: Minor | F51: Line clearance not performed | G51: K. Tran | H51: 45913 | K51: =IF(A51="","",IF(H51="","Open","Closed")) -> Closed | L51: =IF(A51="","",IF(H51="",AsOf-B51,H51-B51)) -> 14 | M51: =IF(A51="","",IF(AND(K51="Open",L51>Target),"Yes","No")) -> No | N51: =IF(K51<>"Open","",IF(L51<=30,"0-30",IF(L51<=60,"31-60",IF(L51<=90,"61-90","90+")))) | O51: =IF(A51="","",IF(COUNTIFS($D$5:$D$400,D51,$F$5:$F$400,F51,$B$5:$B$400,">="&(B51-RepeatWin),$B$5:$B$400,"<"&B51)>0,"Yes","No")) -> No | P51: =IF(OR(I51="",H51=""),"",H51+CapaDue) | Q51: =IF(A51="","",IF(I51="","Not required",IF(J51<>"","Closed",IF(H51="","Awaiting dev. close",IF(AsOf>P51,"Overdue","Open"))))) -> Not required | R51: =IF(J51="","",IF(COUNTIFS($D$5:$D$400,D51,$F$5:$F$400,F51,$B$5:$B$400,">"&J51,$B$5:$B$400,"<="&(J51+EffWin))>0,"Ineffective",IF(AsOf-J51>=EffWin,"Effective","Check pending"))) | S51: =IF(A51="","",DATE(YEAR(B51),MONTH(B51),1)) -> 45870 | T51: =IF(H51="","",DATE(YEAR(H51),MONTH(H51),1)) -> 45901 | U51: =IF(H51="","",IF(AsOf-H51<=90,L51,"")) | V51: =IF(H51="","",IF(AND(AsOf-H51>90,AsOf-H51<=270),L51,""))
A52: DEV-25-0148 | B52: 45902 | C52: Warehouse | D52: Cold storage CS-1 | E52: Minor | F52: Supplier material defect | G52: S. Okafor | H52: 45920 | K52: =IF(A52="","",IF(H52="","Open","Closed")) -> Closed | L52: =IF(A52="","",IF(H52="",AsOf-B52,H52-B52)) -> 18 | M52: =IF(A52="","",IF(AND(K52="Open",L52>Target),"Yes","No")) -> No | N52: =IF(K52<>"Open","",IF(L52<=30,"0-30",IF(L52<=60,"31-60",IF(L52<=90,"61-90","90+")))) | O52: =IF(A52="","",IF(COUNTIFS($D$5:$D$400,D52,$F$5:$F$400,F52,$B$5:$B$400,">="&(B52-RepeatWin),$B$5:$B$400,"<"&B52)>0,"Yes","No")) -> No | P52: =IF(OR(I52="",H52=""),"",H52+CapaDue) | Q52: =IF(A52="","",IF(I52="","Not required",IF(J52<>"","Closed",IF(H52="","Awaiting dev. close",IF(AsOf>P52,"Overdue","Open"))))) -> Not required | R52: =IF(J52="","",IF(COUNTIFS($D$5:$D$400,D52,$F$5:$F$400,F52,$B$5:$B$400,">"&J52,$B$5:$B$400,"<="&(J52+EffWin))>0,"Ineffective",IF(AsOf-J52>=EffWin,"Effective","Check pending"))) | S52: =IF(A52="","",DATE(YEAR(B52),MONTH(B52),1)) -> 45901 | T52: =IF(H52="","",DATE(YEAR(H52),MONTH(H52),1)) -> 45901 | U52: =IF(H52="","",IF(AsOf-H52<=90,L52,"")) | V52: =IF(H52="","",IF(AND(AsOf-H52>90,AsOf-H52<=270),L52,""))
A53: DEV-25-0149 | B53: 45905 | C53: Valve assembly | D53: Holder assembly | E53: Major | F53: Procedure not followed | G53: S. Okafor | H53: 45930 | I53: CAPA-012 | J53: 46020 | K53: =IF(A53="","",IF(H53="","Open","Closed")) -> Closed | L53: =IF(A53="","",IF(H53="",AsOf-B53,H53-B53)) -> 25 | M53: =IF(A53="","",IF(AND(K53="Open",L53>Target),"Yes","No")) -> No | N53: =IF(K53<>"Open","",IF(L53<=30,"0-30",IF(L53<=60,"31-60",IF(L53<=90,"61-90","90+")))) | O53: =IF(A53="","",IF(COUNTIFS($D$5:$D$400,D53,$F$5:$F$400,F53,$B$5:$B$400,">="&(B53-RepeatWin),$B$5:$B$400,"<"&B53)>0,"Yes","No")) -> No | P53: =IF(OR(I53="",H53=""),"",H53+CapaDue) -> 46020 | Q53: =IF(A53="","",IF(I53="","Not required",IF(J53<>"","Closed",IF(H53="","Awaiting dev. close",IF(AsOf>P53,"Overdue","Open"))))) -> Closed | R53: =IF(J53="","",IF(COUNTIFS($D$5:$D$400,D53,$F$5:$F$400,F53,$B$5:$B$400,">"&J53,$B$5:$B$400,"<="&(J53+EffWin))>0,"Ineffective",IF(AsOf-J53>=EffWin,"Effective","Check pending"))) -> Effective | S53: =IF(A53="","",DATE(YEAR(B53),MONTH(B53),1)) -> 45901 | T53: =IF(H53="","",DATE(YEAR(H53),MONTH(H53),1)) -> 45901 | U53: =IF(H53="","",IF(AsOf-H53<=90,L53,"")) | V53: =IF(H53="","",IF(AND(AsOf-H53>90,AsOf-H53<=270),L53,""))
A54: DEV-25-0150 | B54: 45909 | C54: Facilities | D54: Cleanroom HVAC AHU-1 | E54: Minor | F54: Environmental excursion | G54: S. Okafor | H54: 45925 | K54: =IF(A54="","",IF(H54="","Open","Closed")) -> Closed | L54: =IF(A54="","",IF(H54="",AsOf-B54,H54-B54)) -> 16 | M54: =IF(A54="","",IF(AND(K54="Open",L54>Target),"Yes","No")) -> No | N54: =IF(K54<>"Open","",IF(L54<=30,"0-30",IF(L54<=60,"31-60",IF(L54<=90,"61-90","90+")))) | O54: =IF(A54="","",IF(COUNTIFS($D$5:$D$400,D54,$F$5:$F$400,F54,$B$5:$B$400,">="&(B54-RepeatWin),$B$5:$B$400,"<"&B54)>0,"Yes","No")) -> No | P54: =IF(OR(I54="",H54=""),"",H54+CapaDue) | Q54: =IF(A54="","",IF(I54="","Not required",IF(J54<>"","Closed",IF(H54="","Awaiting dev. close",IF(AsOf>P54,"Overdue","Open"))))) -> Not required | R54: =IF(J54="","",IF(COUNTIFS($D$5:$D$400,D54,$F$5:$F$400,F54,$B$5:$B$400,">"&J54,$B$5:$B$400,"<="&(J54+EffWin))>0,"Ineffective",IF(AsOf-J54>=EffWin,"Effective","Check pending"))) | S54: =IF(A54="","",DATE(YEAR(B54),MONTH(B54),1)) -> 45901 | T54: =IF(H54="","",DATE(YEAR(H54),MONTH(H54),1)) -> 45901 | U54: =IF(H54="","",IF(AsOf-H54<=90,L54,"")) | V54: =IF(H54="","",IF(AND(AsOf-H54>90,AsOf-H54<=270),L54,""))
A55: DEV-25-0151 | B55: 45911 | C55: Facilities | D55: WFI loop | E55: Minor | F55: Preventive maintenance missed | G55: M. Chen | H55: 45927 | K55: =IF(A55="","",IF(H55="","Open","Closed")) -> Closed | L55: =IF(A55="","",IF(H55="",AsOf-B55,H55-B55)) -> 16 | M55: =IF(A55="","",IF(AND(K55="Open",L55>Target),"Yes","No")) -> No | N55: =IF(K55<>"Open","",IF(L55<=30,"0-30",IF(L55<=60,"31-60",IF(L55<=90,"61-90","90+")))) | O55: =IF(A55="","",IF(COUNTIFS($D$5:$D$400,D55,$F$5:$F$400,F55,$B$5:$B$400,">="&(B55-RepeatWin),$B$5:$B$400,"<"&B55)>0,"Yes","No")) -> No | P55: =IF(OR(I55="",H55=""),"",H55+CapaDue) | Q55: =IF(A55="","",IF(I55="","Not required",IF(J55<>"","Closed",IF(H55="","Awaiting dev. close",IF(AsOf>P55,"Overdue","Open"))))) -> Not required | R55: =IF(J55="","",IF(COUNTIFS($D$5:$D$400,D55,$F$5:$F$400,F55,$B$5:$B$400,">"&J55,$B$5:$B$400,"<="&(J55+EffWin))>0,"Ineffective",IF(AsOf-J55>=EffWin,"Effective","Check pending"))) | S55: =IF(A55="","",DATE(YEAR(B55),MONTH(B55),1)) -> 45901 | T55: =IF(H55="","",DATE(YEAR(H55),MONTH(H55),1)) -> 45901 | U55: =IF(H55="","",IF(AsOf-H55<=90,L55,"")) | V55: =IF(H55="","",IF(AND(AsOf-H55>90,AsOf-H55<=270),L55,""))
A56: DEV-25-0152 | B56: 45916 | C56: Warehouse | D56: Raw material sampling | E56: Minor | F56: GDP / documentation error | G56: S. Okafor | H56: 45932 | K56: =IF(A56="","",IF(H56="","Open","Closed")) -> Closed | L56: =IF(A56="","",IF(H56="",AsOf-B56,H56-B56)) -> 16 | M56: =IF(A56="","",IF(AND(K56="Open",L56>Target),"Yes","No")) -> No | N56: =IF(K56<>"Open","",IF(L56<=30,"0-30",IF(L56<=60,"31-60",IF(L56<=90,"61-90","90+")))) | O56: =IF(A56="","",IF(COUNTIFS($D$5:$D$400,D56,$F$5:$F$400,F56,$B$5:$B$400,">="&(B56-RepeatWin),$B$5:$B$400,"<"&B56)>0,"Yes","No")) -> No | P56: =IF(OR(I56="",H56=""),"",H56+CapaDue) | Q56: =IF(A56="","",IF(I56="","Not required",IF(J56<>"","Closed",IF(H56="","Awaiting dev. close",IF(AsOf>P56,"Overdue","Open"))))) -> Not required | R56: =IF(J56="","",IF(COUNTIFS($D$5:$D$400,D56,$F$5:$F$400,F56,$B$5:$B$400,">"&J56,$B$5:$B$400,"<="&(J56+EffWin))>0,"Ineffective",IF(AsOf-J56>=EffWin,"Effective","Check pending"))) | S56: =IF(A56="","",DATE(YEAR(B56),MONTH(B56),1)) -> 45901 | T56: =IF(H56="","",DATE(YEAR(H56),MONTH(H56),1)) -> 45931 | U56: =IF(H56="","",IF(AsOf-H56<=90,L56,"")) | V56: =IF(H56="","",IF(AND(AsOf-H56>90,AsOf-H56<=270),L56,""))
A57: DEV-25-0153 | B57: 45925 | C57: Valve assembly | D57: Frame crimping station | E57: Minor | F57: Supplier material defect | G57: L. Haddad | H57: 45939 | K57: =IF(A57="","",IF(H57="","Open","Closed")) -> Closed | L57: =IF(A57="","",IF(H57="",AsOf-B57,H57-B57)) -> 14 | M57: =IF(A57="","",IF(AND(K57="Open",L57>Target),"Yes","No")) -> No | N57: =IF(K57<>"Open","",IF(L57<=30,"0-30",IF(L57<=60,"31-60",IF(L57<=90,"61-90","90+")))) | O57: =IF(A57="","",IF(COUNTIFS($D$5:$D$400,D57,$F$5:$F$400,F57,$B$5:$B$400,">="&(B57-RepeatWin),$B$5:$B$400,"<"&B57)>0,"Yes","No")) -> No | P57: =IF(OR(I57="",H57=""),"",H57+CapaDue) | Q57: =IF(A57="","",IF(I57="","Not required",IF(J57<>"","Closed",IF(H57="","Awaiting dev. close",IF(AsOf>P57,"Overdue","Open"))))) -> Not required | R57: =IF(J57="","",IF(COUNTIFS($D$5:$D$400,D57,$F$5:$F$400,F57,$B$5:$B$400,">"&J57,$B$5:$B$400,"<="&(J57+EffWin))>0,"Ineffective",IF(AsOf-J57>=EffWin,"Effective","Check pending"))) | S57: =IF(A57="","",DATE(YEAR(B57),MONTH(B57),1)) -> 45901 | T57: =IF(H57="","",DATE(YEAR(H57),MONTH(H57),1)) -> 45931 | U57: =IF(H57="","",IF(AsOf-H57<=90,L57,"")) | V57: =IF(H57="","",IF(AND(AsOf-H57>90,AsOf-H57<=270),L57,""))
A58: DEV-25-0154 | B58: 45925 | C58: Sterilization | D58: Preconditioning room PC-1 | E58: Minor | F58: Equipment malfunction | G58: R. Patel | H58: 45944 | K58: =IF(A58="","",IF(H58="","Open","Closed")) -> Closed | L58: =IF(A58="","",IF(H58="",AsOf-B58,H58-B58)) -> 19 | M58: =IF(A58="","",IF(AND(K58="Open",L58>Target),"Yes","No")) -> No | N58: =IF(K58<>"Open","",IF(L58<=30,"0-30",IF(L58<=60,"31-60",IF(L58<=90,"61-90","90+")))) | O58: =IF(A58="","",IF(COUNTIFS($D$5:$D$400,D58,$F$5:$F$400,F58,$B$5:$B$400,">="&(B58-RepeatWin),$B$5:$B$400,"<"&B58)>0,"Yes","No")) -> No | P58: =IF(OR(I58="",H58=""),"",H58+CapaDue) | Q58: =IF(A58="","",IF(I58="","Not required",IF(J58<>"","Closed",IF(H58="","Awaiting dev. close",IF(AsOf>P58,"Overdue","Open"))))) -> Not required | R58: =IF(J58="","",IF(COUNTIFS($D$5:$D$400,D58,$F$5:$F$400,F58,$B$5:$B$400,">"&J58,$B$5:$B$400,"<="&(J58+EffWin))>0,"Ineffective",IF(AsOf-J58>=EffWin,"Effective","Check pending"))) | S58: =IF(A58="","",DATE(YEAR(B58),MONTH(B58),1)) -> 45901 | T58: =IF(H58="","",DATE(YEAR(H58),MONTH(H58),1)) -> 45931 | U58: =IF(H58="","",IF(AsOf-H58<=90,L58,"")) | V58: =IF(H58="","",IF(AND(AsOf-H58>90,AsOf-H58<=270),L58,""))
A59: DEV-25-0155 | B59: 45928 | C59: Valve assembly | D59: Tissue rinse station | E59: Minor | F59: Training gap | G59: L. Haddad | H59: 45948 | K59: =IF(A59="","",IF(H59="","Open","Closed")) -> Closed | L59: =IF(A59="","",IF(H59="",AsOf-B59,H59-B59)) -> 20 | M59: =IF(A59="","",IF(AND(K59="Open",L59>Target),"Yes","No")) -> No | N59: =IF(K59<>"Open","",IF(L59<=30,"0-30",IF(L59<=60,"31-60",IF(L59<=90,"61-90","90+")))) | O59: =IF(A59="","",IF(COUNTIFS($D$5:$D$400,D59,$F$5:$F$400,F59,$B$5:$B$400,">="&(B59-RepeatWin),$B$5:$B$400,"<"&B59)>0,"Yes","No")) -> No | P59: =IF(OR(I59="",H59=""),"",H59+CapaDue) | Q59: =IF(A59="","",IF(I59="","Not required",IF(J59<>"","Closed",IF(H59="","Awaiting dev. close",IF(AsOf>P59,"Overdue","Open"))))) -> Not required | R59: =IF(J59="","",IF(COUNTIFS($D$5:$D$400,D59,$F$5:$F$400,F59,$B$5:$B$400,">"&J59,$B$5:$B$400,"<="&(J59+EffWin))>0,"Ineffective",IF(AsOf-J59>=EffWin,"Effective","Check pending"))) | S59: =IF(A59="","",DATE(YEAR(B59),MONTH(B59),1)) -> 45901 | T59: =IF(H59="","",DATE(YEAR(H59),MONTH(H59),1)) -> 45931 | U59: =IF(H59="","",IF(AsOf-H59<=90,L59,"")) | V59: =IF(H59="","",IF(AND(AsOf-H59>90,AsOf-H59<=270),L59,""))
A60: DEV-25-0156 | B60: 45932 | C60: QC Microbiology | D60: Bioburden testing | E60: Minor | F60: Calibration overdue | G60: R. Patel | H60: 45944 | K60: =IF(A60="","",IF(H60="","Open","Closed")) -> Closed | L60: =IF(A60="","",IF(H60="",AsOf-B60,H60-B60)) -> 12 | M60: =IF(A60="","",IF(AND(K60="Open",L60>Target),"Yes","No")) -> No | N60: =IF(K60<>"Open","",IF(L60<=30,"0-30",IF(L60<=60,"31-60",IF(L60<=90,"61-90","90+")))) | O60: =IF(A60="","",IF(COUNTIFS($D$5:$D$400,D60,$F$5:$F$400,F60,$B$5:$B$400,">="&(B60-RepeatWin),$B$5:$B$400,"<"&B60)>0,"Yes","No")) -> No | P60: =IF(OR(I60="",H60=""),"",H60+CapaDue) | Q60: =IF(A60="","",IF(I60="","Not required",IF(J60<>"","Closed",IF(H60="","Awaiting dev. close",IF(AsOf>P60,"Overdue","Open"))))) -> Not required | R60: =IF(J60="","",IF(COUNTIFS($D$5:$D$400,D60,$F$5:$F$400,F60,$B$5:$B$400,">"&J60,$B$5:$B$400,"<="&(J60+EffWin))>0,"Ineffective",IF(AsOf-J60>=EffWin,"Effective","Check pending"))) | S60: =IF(A60="","",DATE(YEAR(B60),MONTH(B60),1)) -> 45931 | T60: =IF(H60="","",DATE(YEAR(H60),MONTH(H60),1)) -> 45931 | U60: =IF(H60="","",IF(AsOf-H60<=90,L60,"")) | V60: =IF(H60="","",IF(AND(AsOf-H60>90,AsOf-H60<=270),L60,""))
A61: DEV-25-0157 | B61: 45937 | C61: Valve assembly | D61: Final inspection bench | E61: Minor | F61: Supplier material defect | G61: S. Okafor | H61: 45952 | K61: =IF(A61="","",IF(H61="","Open","Closed")) -> Closed | L61: =IF(A61="","",IF(H61="",AsOf-B61,H61-B61)) -> 15 | M61: =IF(A61="","",IF(AND(K61="Open",L61>Target),"Yes","No")) -> No | N61: =IF(K61<>"Open","",IF(L61<=30,"0-30",IF(L61<=60,"31-60",IF(L61<=90,"61-90","90+")))) | O61: =IF(A61="","",IF(COUNTIFS($D$5:$D$400,D61,$F$5:$F$400,F61,$B$5:$B$400,">="&(B61-RepeatWin),$B$5:$B$400,"<"&B61)>0,"Yes","No")) -> No | P61: =IF(OR(I61="",H61=""),"",H61+CapaDue) | Q61: =IF(A61="","",IF(I61="","Not required",IF(J61<>"","Closed",IF(H61="","Awaiting dev. close",IF(AsOf>P61,"Overdue","Open"))))) -> Not required | R61: =IF(J61="","",IF(COUNTIFS($D$5:$D$400,D61,$F$5:$F$400,F61,$B$5:$B$400,">"&J61,$B$5:$B$400,"<="&(J61+EffWin))>0,"Ineffective",IF(AsOf-J61>=EffWin,"Effective","Check pending"))) | S61: =IF(A61="","",DATE(YEAR(B61),MONTH(B61),1)) -> 45931 | T61: =IF(H61="","",DATE(YEAR(H61),MONTH(H61),1)) -> 45931 | U61: =IF(H61="","",IF(AsOf-H61<=90,L61,"")) | V61: =IF(H61="","",IF(AND(AsOf-H61>90,AsOf-H61<=270),L61,""))
A62: DEV-25-0158 | B62: 45944 | C62: Packaging | D62: Packaging line PL-1 | E62: Major | F62: Line clearance not performed | G62: R. Patel | H62: 45970 | I62: CAPA-013 | J62: 46005 | K62: =IF(A62="","",IF(H62="","Open","Closed")) -> Closed | L62: =IF(A62="","",IF(H62="",AsOf-B62,H62-B62)) -> 26 | M62: =IF(A62="","",IF(AND(K62="Open",L62>Target),"Yes","No")) -> No | N62: =IF(K62<>"Open","",IF(L62<=30,"0-30",IF(L62<=60,"31-60",IF(L62<=90,"61-90","90+")))) | O62: =IF(A62="","",IF(COUNTIFS($D$5:$D$400,D62,$F$5:$F$400,F62,$B$5:$B$400,">="&(B62-RepeatWin),$B$5:$B$400,"<"&B62)>0,"Yes","No")) -> No | P62: =IF(OR(I62="",H62=""),"",H62+CapaDue) -> 46060 | Q62: =IF(A62="","",IF(I62="","Not required",IF(J62<>"","Closed",IF(H62="","Awaiting dev. close",IF(AsOf>P62,"Overdue","Open"))))) -> Closed | R62: =IF(J62="","",IF(COUNTIFS($D$5:$D$400,D62,$F$5:$F$400,F62,$B$5:$B$400,">"&J62,$B$5:$B$400,"<="&(J62+EffWin))>0,"Ineffective",IF(AsOf-J62>=EffWin,"Effective","Check pending"))) -> Ineffective | S62: =IF(A62="","",DATE(YEAR(B62),MONTH(B62),1)) -> 45931 | T62: =IF(H62="","",DATE(YEAR(H62),MONTH(H62),1)) -> 45962 | U62: =IF(H62="","",IF(AsOf-H62<=90,L62,"")) | V62: =IF(H62="","",IF(AND(AsOf-H62>90,AsOf-H62<=270),L62,""))
A63: DEV-25-0159 | B63: 45944 | C63: Valve assembly | D63: Leaflet suturing cell 2 | E63: Minor | F63: GDP / documentation error | G63: R. Patel | H63: 45967 | K63: =IF(A63="","",IF(H63="","Open","Closed")) -> Closed | L63: =IF(A63="","",IF(H63="",AsOf-B63,H63-B63)) -> 23 | M63: =IF(A63="","",IF(AND(K63="Open",L63>Target),"Yes","No")) -> No | N63: =IF(K63<>"Open","",IF(L63<=30,"0-30",IF(L63<=60,"31-60",IF(L63<=90,"61-90","90+")))) | O63: =IF(A63="","",IF(COUNTIFS($D$5:$D$400,D63,$F$5:$F$400,F63,$B$5:$B$400,">="&(B63-RepeatWin),$B$5:$B$400,"<"&B63)>0,"Yes","No")) -> No | P63: =IF(OR(I63="",H63=""),"",H63+CapaDue) | Q63: =IF(A63="","",IF(I63="","Not required",IF(J63<>"","Closed",IF(H63="","Awaiting dev. close",IF(AsOf>P63,"Overdue","Open"))))) -> Not required | R63: =IF(J63="","",IF(COUNTIFS($D$5:$D$400,D63,$F$5:$F$400,F63,$B$5:$B$400,">"&J63,$B$5:$B$400,"<="&(J63+EffWin))>0,"Ineffective",IF(AsOf-J63>=EffWin,"Effective","Check pending"))) | S63: =IF(A63="","",DATE(YEAR(B63),MONTH(B63),1)) -> 45931 | T63: =IF(H63="","",DATE(YEAR(H63),MONTH(H63),1)) -> 45962 | U63: =IF(H63="","",IF(AsOf-H63<=90,L63,"")) | V63: =IF(H63="","",IF(AND(AsOf-H63>90,AsOf-H63<=270),L63,""))
A64: DEV-25-0160 | B64: 45946 | C64: QC Microbiology | D64: Endotoxin (LAL) testing | E64: Minor | F64: GDP / documentation error | G64: R. Patel | H64: 45966 | I64: CAPA-014 | J64: 46053 | K64: =IF(A64="","",IF(H64="","Open","Closed")) -> Closed | L64: =IF(A64="","",IF(H64="",AsOf-B64,H64-B64)) -> 20 | M64: =IF(A64="","",IF(AND(K64="Open",L64>Target),"Yes","No")) -> No | N64: =IF(K64<>"Open","",IF(L64<=30,"0-30",IF(L64<=60,"31-60",IF(L64<=90,"61-90","90+")))) | O64: =IF(A64="","",IF(COUNTIFS($D$5:$D$400,D64,$F$5:$F$400,F64,$B$5:$B$400,">="&(B64-RepeatWin),$B$5:$B$400,"<"&B64)>0,"Yes","No")) -> Yes | P64: =IF(OR(I64="",H64=""),"",H64+CapaDue) -> 46056 | Q64: =IF(A64="","",IF(I64="","Not required",IF(J64<>"","Closed",IF(H64="","Awaiting dev. close",IF(AsOf>P64,"Overdue","Open"))))) -> Closed | R64: =IF(J64="","",IF(COUNTIFS($D$5:$D$400,D64,$F$5:$F$400,F64,$B$5:$B$400,">"&J64,$B$5:$B$400,"<="&(J64+EffWin))>0,"Ineffective",IF(AsOf-J64>=EffWin,"Effective","Check pending"))) -> Effective | S64: =IF(A64="","",DATE(YEAR(B64),MONTH(B64),1)) -> 45931 | T64: =IF(H64="","",DATE(YEAR(H64),MONTH(H64),1)) -> 45962 | U64: =IF(H64="","",IF(AsOf-H64<=90,L64,"")) | V64: =IF(H64="","",IF(AND(AsOf-H64>90,AsOf-H64<=270),L64,""))
A65: DEV-25-0161 | B65: 45947 | C65: Packaging | D65: Carton printer CP-1 | E65: Minor | F65: Labeling error | G65: D. Kim | H65: 45967 | K65: =IF(A65="","",IF(H65="","Open","Closed")) -> Closed | L65: =IF(A65="","",IF(H65="",AsOf-B65,H65-B65)) -> 20 | M65: =IF(A65="","",IF(AND(K65="Open",L65>Target),"Yes","No")) -> No | N65: =IF(K65<>"Open","",IF(L65<=30,"0-30",IF(L65<=60,"31-60",IF(L65<=90,"61-90","90+")))) | O65: =IF(A65="","",IF(COUNTIFS($D$5:$D$400,D65,$F$5:$F$400,F65,$B$5:$B$400,">="&(B65-RepeatWin),$B$5:$B$400,"<"&B65)>0,"Yes","No")) -> No | P65: =IF(OR(I65="",H65=""),"",H65+CapaDue) | Q65: =IF(A65="","",IF(I65="","Not required",IF(J65<>"","Closed",IF(H65="","Awaiting dev. close",IF(AsOf>P65,"Overdue","Open"))))) -> Not required | R65: =IF(J65="","",IF(COUNTIFS($D$5:$D$400,D65,$F$5:$F$400,F65,$B$5:$B$400,">"&J65,$B$5:$B$400,"<="&(J65+EffWin))>0,"Ineffective",IF(AsOf-J65>=EffWin,"Effective","Check pending"))) | S65: =IF(A65="","",DATE(YEAR(B65),MONTH(B65),1)) -> 45931 | T65: =IF(H65="","",DATE(YEAR(H65),MONTH(H65),1)) -> 45962 | U65: =IF(H65="","",IF(AsOf-H65<=90,L65,"")) | V65: =IF(H65="","",IF(AND(AsOf-H65>90,AsOf-H65<=270),L65,""))
A66: DEV-25-0162 | B66: 45948 | C66: Warehouse | D66: Quarantine cage | E66: Minor | F66: Temperature excursion | G66: M. Chen | H66: 45967 | K66: =IF(A66="","",IF(H66="","Open","Closed")) -> Closed | L66: =IF(A66="","",IF(H66="",AsOf-B66,H66-B66)) -> 19 | M66: =IF(A66="","",IF(AND(K66="Open",L66>Target),"Yes","No")) -> No | N66: =IF(K66<>"Open","",IF(L66<=30,"0-30",IF(L66<=60,"31-60",IF(L66<=90,"61-90","90+")))) | O66: =IF(A66="","",IF(COUNTIFS($D$5:$D$400,D66,$F$5:$F$400,F66,$B$5:$B$400,">="&(B66-RepeatWin),$B$5:$B$400,"<"&B66)>0,"Yes","No")) -> No | P66: =IF(OR(I66="",H66=""),"",H66+CapaDue) | Q66: =IF(A66="","",IF(I66="","Not required",IF(J66<>"","Closed",IF(H66="","Awaiting dev. close",IF(AsOf>P66,"Overdue","Open"))))) -> Not required | R66: =IF(J66="","",IF(COUNTIFS($D$5:$D$400,D66,$F$5:$F$400,F66,$B$5:$B$400,">"&J66,$B$5:$B$400,"<="&(J66+EffWin))>0,"Ineffective",IF(AsOf-J66>=EffWin,"Effective","Check pending"))) | S66: =IF(A66="","",DATE(YEAR(B66),MONTH(B66),1)) -> 45931 | T66: =IF(H66="","",DATE(YEAR(H66),MONTH(H66),1)) -> 45962 | U66: =IF(H66="","",IF(AsOf-H66<=90,L66,"")) | V66: =IF(H66="","",IF(AND(AsOf-H66>90,AsOf-H66<=270),L66,""))
A67: DEV-25-0163 | B67: 45950 | C67: QC Microbiology | D67: Media preparation | E67: Minor | F67: Sample handling error | G67: D. Kim | H67: 45965 | K67: =IF(A67="","",IF(H67="","Open","Closed")) -> Closed | L67: =IF(A67="","",IF(H67="",AsOf-B67,H67-B67)) -> 15 | M67: =IF(A67="","",IF(AND(K67="Open",L67>Target),"Yes","No")) -> No | N67: =IF(K67<>"Open","",IF(L67<=30,"0-30",IF(L67<=60,"31-60",IF(L67<=90,"61-90","90+")))) | O67: =IF(A67="","",IF(COUNTIFS($D$5:$D$400,D67,$F$5:$F$400,F67,$B$5:$B$400,">="&(B67-RepeatWin),$B$5:$B$400,"<"&B67)>0,"Yes","No")) -> No | P67: =IF(OR(I67="",H67=""),"",H67+CapaDue) | Q67: =IF(A67="","",IF(I67="","Not required",IF(J67<>"","Closed",IF(H67="","Awaiting dev. close",IF(AsOf>P67,"Overdue","Open"))))) -> Not required | R67: =IF(J67="","",IF(COUNTIFS($D$5:$D$400,D67,$F$5:$F$400,F67,$B$5:$B$400,">"&J67,$B$5:$B$400,"<="&(J67+EffWin))>0,"Ineffective",IF(AsOf-J67>=EffWin,"Effective","Check pending"))) | S67: =IF(A67="","",DATE(YEAR(B67),MONTH(B67),1)) -> 45931 | T67: =IF(H67="","",DATE(YEAR(H67),MONTH(H67),1)) -> 45962 | U67: =IF(H67="","",IF(AsOf-H67<=90,L67,"")) | V67: =IF(H67="","",IF(AND(AsOf-H67>90,AsOf-H67<=270),L67,""))
A68: DEV-25-0164 | B68: 45952 | C68: QC Microbiology | D68: Endotoxin (LAL) testing | E68: Minor | F68: Sample handling error | G68: M. Chen | H68: 45978 | K68: =IF(A68="","",IF(H68="","Open","Closed")) -> Closed | L68: =IF(A68="","",IF(H68="",AsOf-B68,H68-B68)) -> 26 | M68: =IF(A68="","",IF(AND(K68="Open",L68>Target),"Yes","No")) -> No | N68: =IF(K68<>"Open","",IF(L68<=30,"0-30",IF(L68<=60,"31-60",IF(L68<=90,"61-90","90+")))) | O68: =IF(A68="","",IF(COUNTIFS($D$5:$D$400,D68,$F$5:$F$400,F68,$B$5:$B$400,">="&(B68-RepeatWin),$B$5:$B$400,"<"&B68)>0,"Yes","No")) -> No | P68: =IF(OR(I68="",H68=""),"",H68+CapaDue) | Q68: =IF(A68="","",IF(I68="","Not required",IF(J68<>"","Closed",IF(H68="","Awaiting dev. close",IF(AsOf>P68,"Overdue","Open"))))) -> Not required | R68: =IF(J68="","",IF(COUNTIFS($D$5:$D$400,D68,$F$5:$F$400,F68,$B$5:$B$400,">"&J68,$B$5:$B$400,"<="&(J68+EffWin))>0,"Ineffective",IF(AsOf-J68>=EffWin,"Effective","Check pending"))) | S68: =IF(A68="","",DATE(YEAR(B68),MONTH(B68),1)) -> 45931 | T68: =IF(H68="","",DATE(YEAR(H68),MONTH(H68),1)) -> 45962 | U68: =IF(H68="","",IF(AsOf-H68<=90,L68,"")) | V68: =IF(H68="","",IF(AND(AsOf-H68>90,AsOf-H68<=270),L68,""))
A69: DEV-25-0165 | B69: 45953 | C69: Valve assembly | D69: Leaflet suturing cell 2 | E69: Minor | F69: GDP / documentation error | G69: M. Chen | H69: 45967 | I69: CAPA-015 | J69: 46005 | K69: =IF(A69="","",IF(H69="","Open","Closed")) -> Closed | L69: =IF(A69="","",IF(H69="",AsOf-B69,H69-B69)) -> 14 | M69: =IF(A69="","",IF(AND(K69="Open",L69>Target),"Yes","No")) -> No | N69: =IF(K69<>"Open","",IF(L69<=30,"0-30",IF(L69<=60,"31-60",IF(L69<=90,"61-90","90+")))) | O69: =IF(A69="","",IF(COUNTIFS($D$5:$D$400,D69,$F$5:$F$400,F69,$B$5:$B$400,">="&(B69-RepeatWin),$B$5:$B$400,"<"&B69)>0,"Yes","No")) -> Yes | P69: =IF(OR(I69="",H69=""),"",H69+CapaDue) -> 46057 | Q69: =IF(A69="","",IF(I69="","Not required",IF(J69<>"","Closed",IF(H69="","Awaiting dev. close",IF(AsOf>P69,"Overdue","Open"))))) -> Closed | R69: =IF(J69="","",IF(COUNTIFS($D$5:$D$400,D69,$F$5:$F$400,F69,$B$5:$B$400,">"&J69,$B$5:$B$400,"<="&(J69+EffWin))>0,"Ineffective",IF(AsOf-J69>=EffWin,"Effective","Check pending"))) -> Effective | S69: =IF(A69="","",DATE(YEAR(B69),MONTH(B69),1)) -> 45931 | T69: =IF(H69="","",DATE(YEAR(H69),MONTH(H69),1)) -> 45962 | U69: =IF(H69="","",IF(AsOf-H69<=90,L69,"")) | V69: =IF(H69="","",IF(AND(AsOf-H69>90,AsOf-H69<=270),L69,""))
A70: DEV-25-0166 | B70: 45954 | C70: Facilities | D70: WFI loop | E70: Minor | F70: Environmental excursion | G70: D. Kim | H70: 45973 | K70: =IF(A70="","",IF(H70="","Open","Closed")) -> Closed | L70: =IF(A70="","",IF(H70="",AsOf-B70,H70-B70)) -> 19 | M70: =IF(A70="","",IF(AND(K70="Open",L70>Target),"Yes","No")) -> No | N70: =IF(K70<>"Open","",IF(L70<=30,"0-30",IF(L70<=60,"31-60",IF(L70<=90,"61-90","90+")))) | O70: =IF(A70="","",IF(COUNTIFS($D$5:$D$400,D70,$F$5:$F$400,F70,$B$5:$B$400,">="&(B70-RepeatWin),$B$5:$B$400,"<"&B70)>0,"Yes","No")) -> No | P70: =IF(OR(I70="",H70=""),"",H70+CapaDue) | Q70: =IF(A70="","",IF(I70="","Not required",IF(J70<>"","Closed",IF(H70="","Awaiting dev. close",IF(AsOf>P70,"Overdue","Open"))))) -> Not required | R70: =IF(J70="","",IF(COUNTIFS($D$5:$D$400,D70,$F$5:$F$400,F70,$B$5:$B$400,">"&J70,$B$5:$B$400,"<="&(J70+EffWin))>0,"Ineffective",IF(AsOf-J70>=EffWin,"Effective","Check pending"))) | S70: =IF(A70="","",DATE(YEAR(B70),MONTH(B70),1)) -> 45931 | T70: =IF(H70="","",DATE(YEAR(H70),MONTH(H70),1)) -> 45962 | U70: =IF(H70="","",IF(AsOf-H70<=90,L70,"")) | V70: =IF(H70="","",IF(AND(AsOf-H70>90,AsOf-H70<=270),L70,""))
A71: DEV-25-0167 | B71: 45955 | C71: Valve assembly | D71: Holder assembly | E71: Minor | F71: Supplier material defect | G71: J. Alvarez | H71: 45970 | K71: =IF(A71="","",IF(H71="","Open","Closed")) -> Closed | L71: =IF(A71="","",IF(H71="",AsOf-B71,H71-B71)) -> 15 | M71: =IF(A71="","",IF(AND(K71="Open",L71>Target),"Yes","No")) -> No | N71: =IF(K71<>"Open","",IF(L71<=30,"0-30",IF(L71<=60,"31-60",IF(L71<=90,"61-90","90+")))) | O71: =IF(A71="","",IF(COUNTIFS($D$5:$D$400,D71,$F$5:$F$400,F71,$B$5:$B$400,">="&(B71-RepeatWin),$B$5:$B$400,"<"&B71)>0,"Yes","No")) -> No | P71: =IF(OR(I71="",H71=""),"",H71+CapaDue) | Q71: =IF(A71="","",IF(I71="","Not required",IF(J71<>"","Closed",IF(H71="","Awaiting dev. close",IF(AsOf>P71,"Overdue","Open"))))) -> Not required | R71: =IF(J71="","",IF(COUNTIFS($D$5:$D$400,D71,$F$5:$F$400,F71,$B$5:$B$400,">"&J71,$B$5:$B$400,"<="&(J71+EffWin))>0,"Ineffective",IF(AsOf-J71>=EffWin,"Effective","Check pending"))) | S71: =IF(A71="","",DATE(YEAR(B71),MONTH(B71),1)) -> 45931 | T71: =IF(H71="","",DATE(YEAR(H71),MONTH(H71),1)) -> 45962 | U71: =IF(H71="","",IF(AsOf-H71<=90,L71,"")) | V71: =IF(H71="","",IF(AND(AsOf-H71>90,AsOf-H71<=270),L71,""))
A72: DEV-25-0168 | B72: 45963 | C72: QC Microbiology | D72: EM sampling | E72: Minor | F72: Sample handling error | G72: M. Chen | H72: 45986 | K72: =IF(A72="","",IF(H72="","Open","Closed")) -> Closed | L72: =IF(A72="","",IF(H72="",AsOf-B72,H72-B72)) -> 23 | M72: =IF(A72="","",IF(AND(K72="Open",L72>Target),"Yes","No")) -> No | N72: =IF(K72<>"Open","",IF(L72<=30,"0-30",IF(L72<=60,"31-60",IF(L72<=90,"61-90","90+")))) | O72: =IF(A72="","",IF(COUNTIFS($D$5:$D$400,D72,$F$5:$F$400,F72,$B$5:$B$400,">="&(B72-RepeatWin),$B$5:$B$400,"<"&B72)>0,"Yes","No")) -> No | P72: =IF(OR(I72="",H72=""),"",H72+CapaDue) | Q72: =IF(A72="","",IF(I72="","Not required",IF(J72<>"","Closed",IF(H72="","Awaiting dev. close",IF(AsOf>P72,"Overdue","Open"))))) -> Not required | R72: =IF(J72="","",IF(COUNTIFS($D$5:$D$400,D72,$F$5:$F$400,F72,$B$5:$B$400,">"&J72,$B$5:$B$400,"<="&(J72+EffWin))>0,"Ineffective",IF(AsOf-J72>=EffWin,"Effective","Check pending"))) | S72: =IF(A72="","",DATE(YEAR(B72),MONTH(B72),1)) -> 45962 | T72: =IF(H72="","",DATE(YEAR(H72),MONTH(H72),1)) -> 45962 | U72: =IF(H72="","",IF(AsOf-H72<=90,L72,"")) | V72: =IF(H72="","",IF(AND(AsOf-H72>90,AsOf-H72<=270),L72,""))
A73: DEV-25-0169 | B73: 45965 | C73: Warehouse | D73: Receiving inspection | E73: Minor | F73: Temperature excursion | G73: M. Chen | H73: 45979 | K73: =IF(A73="","",IF(H73="","Open","Closed")) -> Closed | L73: =IF(A73="","",IF(H73="",AsOf-B73,H73-B73)) -> 14 | M73: =IF(A73="","",IF(AND(K73="Open",L73>Target),"Yes","No")) -> No | N73: =IF(K73<>"Open","",IF(L73<=30,"0-30",IF(L73<=60,"31-60",IF(L73<=90,"61-90","90+")))) | O73: =IF(A73="","",IF(COUNTIFS($D$5:$D$400,D73,$F$5:$F$400,F73,$B$5:$B$400,">="&(B73-RepeatWin),$B$5:$B$400,"<"&B73)>0,"Yes","No")) -> No | P73: =IF(OR(I73="",H73=""),"",H73+CapaDue) | Q73: =IF(A73="","",IF(I73="","Not required",IF(J73<>"","Closed",IF(H73="","Awaiting dev. close",IF(AsOf>P73,"Overdue","Open"))))) -> Not required | R73: =IF(J73="","",IF(COUNTIFS($D$5:$D$400,D73,$F$5:$F$400,F73,$B$5:$B$400,">"&J73,$B$5:$B$400,"<="&(J73+EffWin))>0,"Ineffective",IF(AsOf-J73>=EffWin,"Effective","Check pending"))) | S73: =IF(A73="","",DATE(YEAR(B73),MONTH(B73),1)) -> 45962 | T73: =IF(H73="","",DATE(YEAR(H73),MONTH(H73),1)) -> 45962 | U73: =IF(H73="","",IF(AsOf-H73<=90,L73,"")) | V73: =IF(H73="","",IF(AND(AsOf-H73>90,AsOf-H73<=270),L73,""))
A74: DEV-25-0170 | B74: 45965 | C74: Packaging | D74: Carton printer CP-1 | E74: Major | F74: GDP / documentation error | G74: J. Alvarez | H74: 45990 | I74: CAPA-016 | J74: 46072 | K74: =IF(A74="","",IF(H74="","Open","Closed")) -> Closed | L74: =IF(A74="","",IF(H74="",AsOf-B74,H74-B74)) -> 25 | M74: =IF(A74="","",IF(AND(K74="Open",L74>Target),"Yes","No")) -> No | N74: =IF(K74<>"Open","",IF(L74<=30,"0-30",IF(L74<=60,"31-60",IF(L74<=90,"61-90","90+")))) | O74: =IF(A74="","",IF(COUNTIFS($D$5:$D$400,D74,$F$5:$F$400,F74,$B$5:$B$400,">="&(B74-RepeatWin),$B$5:$B$400,"<"&B74)>0,"Yes","No")) -> No | P74: =IF(OR(I74="",H74=""),"",H74+CapaDue) -> 46080 | Q74: =IF(A74="","",IF(I74="","Not required",IF(J74<>"","Closed",IF(H74="","Awaiting dev. close",IF(AsOf>P74,"Overdue","Open"))))) -> Closed | R74: =IF(J74="","",IF(COUNTIFS($D$5:$D$400,D74,$F$5:$F$400,F74,$B$5:$B$400,">"&J74,$B$5:$B$400,"<="&(J74+EffWin))>0,"Ineffective",IF(AsOf-J74>=EffWin,"Effective","Check pending"))) -> Effective | S74: =IF(A74="","",DATE(YEAR(B74),MONTH(B74),1)) -> 45962 | T74: =IF(H74="","",DATE(YEAR(H74),MONTH(H74),1)) -> 45962 | U74: =IF(H74="","",IF(AsOf-H74<=90,L74,"")) | V74: =IF(H74="","",IF(AND(AsOf-H74>90,AsOf-H74<=270),L74,""))
A75: DEV-25-0171 | B75: 45980 | C75: Sterilization | D75: Autoclave AC-02 | E75: Minor | F75: Procedure not followed | G75: J. Alvarez | H75: 45992 | K75: =IF(A75="","",IF(H75="","Open","Closed")) -> Closed | L75: =IF(A75="","",IF(H75="",AsOf-B75,H75-B75)) -> 12 | M75: =IF(A75="","",IF(AND(K75="Open",L75>Target),"Yes","No")) -> No | N75: =IF(K75<>"Open","",IF(L75<=30,"0-30",IF(L75<=60,"31-60",IF(L75<=90,"61-90","90+")))) | O75: =IF(A75="","",IF(COUNTIFS($D$5:$D$400,D75,$F$5:$F$400,F75,$B$5:$B$400,">="&(B75-RepeatWin),$B$5:$B$400,"<"&B75)>0,"Yes","No")) -> No | P75: =IF(OR(I75="",H75=""),"",H75+CapaDue) | Q75: =IF(A75="","",IF(I75="","Not required",IF(J75<>"","Closed",IF(H75="","Awaiting dev. close",IF(AsOf>P75,"Overdue","Open"))))) -> Not required | R75: =IF(J75="","",IF(COUNTIFS($D$5:$D$400,D75,$F$5:$F$400,F75,$B$5:$B$400,">"&J75,$B$5:$B$400,"<="&(J75+EffWin))>0,"Ineffective",IF(AsOf-J75>=EffWin,"Effective","Check pending"))) | S75: =IF(A75="","",DATE(YEAR(B75),MONTH(B75),1)) -> 45962 | T75: =IF(H75="","",DATE(YEAR(H75),MONTH(H75),1)) -> 45992 | U75: =IF(H75="","",IF(AsOf-H75<=90,L75,"")) | V75: =IF(H75="","",IF(AND(AsOf-H75>90,AsOf-H75<=270),L75,""))
A76: DEV-25-0172 | B76: 45981 | C76: Packaging | D76: Label printer LP-3 | E76: Minor | F76: Labeling error | G76: J. Alvarez | H76: 46004 | K76: =IF(A76="","",IF(H76="","Open","Closed")) -> Closed | L76: =IF(A76="","",IF(H76="",AsOf-B76,H76-B76)) -> 23 | M76: =IF(A76="","",IF(AND(K76="Open",L76>Target),"Yes","No")) -> No | N76: =IF(K76<>"Open","",IF(L76<=30,"0-30",IF(L76<=60,"31-60",IF(L76<=90,"61-90","90+")))) | O76: =IF(A76="","",IF(COUNTIFS($D$5:$D$400,D76,$F$5:$F$400,F76,$B$5:$B$400,">="&(B76-RepeatWin),$B$5:$B$400,"<"&B76)>0,"Yes","No")) -> No | P76: =IF(OR(I76="",H76=""),"",H76+CapaDue) | Q76: =IF(A76="","",IF(I76="","Not required",IF(J76<>"","Closed",IF(H76="","Awaiting dev. close",IF(AsOf>P76,"Overdue","Open"))))) -> Not required | R76: =IF(J76="","",IF(COUNTIFS($D$5:$D$400,D76,$F$5:$F$400,F76,$B$5:$B$400,">"&J76,$B$5:$B$400,"<="&(J76+EffWin))>0,"Ineffective",IF(AsOf-J76>=EffWin,"Effective","Check pending"))) | S76: =IF(A76="","",DATE(YEAR(B76),MONTH(B76),1)) -> 45962 | T76: =IF(H76="","",DATE(YEAR(H76),MONTH(H76),1)) -> 45992 | U76: =IF(H76="","",IF(AsOf-H76<=90,L76,"")) | V76: =IF(H76="","",IF(AND(AsOf-H76>90,AsOf-H76<=270),L76,""))
A77: DEV-25-0173 | B77: 45982 | C77: Warehouse | D77: Receiving inspection | E77: Major | F77: Supplier material defect | G77: R. Patel | H77: 45999 | I77: CAPA-017 | J77: 46038 | K77: =IF(A77="","",IF(H77="","Open","Closed")) -> Closed | L77: =IF(A77="","",IF(H77="",AsOf-B77,H77-B77)) -> 17 | M77: =IF(A77="","",IF(AND(K77="Open",L77>Target),"Yes","No")) -> No | N77: =IF(K77<>"Open","",IF(L77<=30,"0-30",IF(L77<=60,"31-60",IF(L77<=90,"61-90","90+")))) | O77: =IF(A77="","",IF(COUNTIFS($D$5:$D$400,D77,$F$5:$F$400,F77,$B$5:$B$400,">="&(B77-RepeatWin),$B$5:$B$400,"<"&B77)>0,"Yes","No")) -> No | P77: =IF(OR(I77="",H77=""),"",H77+CapaDue) -> 46089 | Q77: =IF(A77="","",IF(I77="","Not required",IF(J77<>"","Closed",IF(H77="","Awaiting dev. close",IF(AsOf>P77,"Overdue","Open"))))) -> Closed | R77: =IF(J77="","",IF(COUNTIFS($D$5:$D$400,D77,$F$5:$F$400,F77,$B$5:$B$400,">"&J77,$B$5:$B$400,"<="&(J77+EffWin))>0,"Ineffective",IF(AsOf-J77>=EffWin,"Effective","Check pending"))) -> Effective | S77: =IF(A77="","",DATE(YEAR(B77),MONTH(B77),1)) -> 45962 | T77: =IF(H77="","",DATE(YEAR(H77),MONTH(H77),1)) -> 45992 | U77: =IF(H77="","",IF(AsOf-H77<=90,L77,"")) | V77: =IF(H77="","",IF(AND(AsOf-H77>90,AsOf-H77<=270),L77,""))
A78: DEV-25-0174 | B78: 45989 | C78: QC Microbiology | D78: Sterility testing | E78: Minor | F78: Procedure not followed | G78: D. Kim | H78: 46018 | K78: =IF(A78="","",IF(H78="","Open","Closed")) -> Closed | L78: =IF(A78="","",IF(H78="",AsOf-B78,H78-B78)) -> 29 | M78: =IF(A78="","",IF(AND(K78="Open",L78>Target),"Yes","No")) -> No | N78: =IF(K78<>"Open","",IF(L78<=30,"0-30",IF(L78<=60,"31-60",IF(L78<=90,"61-90","90+")))) | O78: =IF(A78="","",IF(COUNTIFS($D$5:$D$400,D78,$F$5:$F$400,F78,$B$5:$B$400,">="&(B78-RepeatWin),$B$5:$B$400,"<"&B78)>0,"Yes","No")) -> No | P78: =IF(OR(I78="",H78=""),"",H78+CapaDue) | Q78: =IF(A78="","",IF(I78="","Not required",IF(J78<>"","Closed",IF(H78="","Awaiting dev. close",IF(AsOf>P78,"Overdue","Open"))))) -> Not required | R78: =IF(J78="","",IF(COUNTIFS($D$5:$D$400,D78,$F$5:$F$400,F78,$B$5:$B$400,">"&J78,$B$5:$B$400,"<="&(J78+EffWin))>0,"Ineffective",IF(AsOf-J78>=EffWin,"Effective","Check pending"))) | S78: =IF(A78="","",DATE(YEAR(B78),MONTH(B78),1)) -> 45962 | T78: =IF(H78="","",DATE(YEAR(H78),MONTH(H78),1)) -> 45992 | U78: =IF(H78="","",IF(AsOf-H78<=90,L78,"")) | V78: =IF(H78="","",IF(AND(AsOf-H78>90,AsOf-H78<=270),L78,""))
A79: DEV-25-0175 | B79: 45992 | C79: Valve assembly | D79: Leaflet suturing cell 1 | E79: Major | F79: GDP / documentation error | G79: L. Haddad | H79: 46019 | I79: CAPA-018 | J79: 46095 | K79: =IF(A79="","",IF(H79="","Open","Closed")) -> Closed | L79: =IF(A79="","",IF(H79="",AsOf-B79,H79-B79)) -> 27 | M79: =IF(A79="","",IF(AND(K79="Open",L79>Target),"Yes","No")) -> No | N79: =IF(K79<>"Open","",IF(L79<=30,"0-30",IF(L79<=60,"31-60",IF(L79<=90,"61-90","90+")))) | O79: =IF(A79="","",IF(COUNTIFS($D$5:$D$400,D79,$F$5:$F$400,F79,$B$5:$B$400,">="&(B79-RepeatWin),$B$5:$B$400,"<"&B79)>0,"Yes","No")) -> No | P79: =IF(OR(I79="",H79=""),"",H79+CapaDue) -> 46109 | Q79: =IF(A79="","",IF(I79="","Not required",IF(J79<>"","Closed",IF(H79="","Awaiting dev. close",IF(AsOf>P79,"Overdue","Open"))))) -> Closed | R79: =IF(J79="","",IF(COUNTIFS($D$5:$D$400,D79,$F$5:$F$400,F79,$B$5:$B$400,">"&J79,$B$5:$B$400,"<="&(J79+EffWin))>0,"Ineffective",IF(AsOf-J79>=EffWin,"Effective","Check pending"))) -> Effective | S79: =IF(A79="","",DATE(YEAR(B79),MONTH(B79),1)) -> 45992 | T79: =IF(H79="","",DATE(YEAR(H79),MONTH(H79),1)) -> 45992 | U79: =IF(H79="","",IF(AsOf-H79<=90,L79,"")) | V79: =IF(H79="","",IF(AND(AsOf-H79>90,AsOf-H79<=270),L79,""))
A80: DEV-25-0176 | B80: 45993 | C80: Packaging | D80: Packaging line PL-3 | E80: Minor | F80: Line clearance not performed | G80: R. Patel | H80: 46006 | K80: =IF(A80="","",IF(H80="","Open","Closed")) -> Closed | L80: =IF(A80="","",IF(H80="",AsOf-B80,H80-B80)) -> 13 | M80: =IF(A80="","",IF(AND(K80="Open",L80>Target),"Yes","No")) -> No | N80: =IF(K80<>"Open","",IF(L80<=30,"0-30",IF(L80<=60,"31-60",IF(L80<=90,"61-90","90+")))) | O80: =IF(A80="","",IF(COUNTIFS($D$5:$D$400,D80,$F$5:$F$400,F80,$B$5:$B$400,">="&(B80-RepeatWin),$B$5:$B$400,"<"&B80)>0,"Yes","No")) -> No | P80: =IF(OR(I80="",H80=""),"",H80+CapaDue) | Q80: =IF(A80="","",IF(I80="","Not required",IF(J80<>"","Closed",IF(H80="","Awaiting dev. close",IF(AsOf>P80,"Overdue","Open"))))) -> Not required | R80: =IF(J80="","",IF(COUNTIFS($D$5:$D$400,D80,$F$5:$F$400,F80,$B$5:$B$400,">"&J80,$B$5:$B$400,"<="&(J80+EffWin))>0,"Ineffective",IF(AsOf-J80>=EffWin,"Effective","Check pending"))) | S80: =IF(A80="","",DATE(YEAR(B80),MONTH(B80),1)) -> 45992 | T80: =IF(H80="","",DATE(YEAR(H80),MONTH(H80),1)) -> 45992 | U80: =IF(H80="","",IF(AsOf-H80<=90,L80,"")) | V80: =IF(H80="","",IF(AND(AsOf-H80>90,AsOf-H80<=270),L80,""))
A81: DEV-25-0177 | B81: 45999 | C81: Sterilization | D81: Autoclave AC-02 | E81: Minor | F81: GDP / documentation error | G81: J. Alvarez | H81: 46020 | K81: =IF(A81="","",IF(H81="","Open","Closed")) -> Closed | L81: =IF(A81="","",IF(H81="",AsOf-B81,H81-B81)) -> 21 | M81: =IF(A81="","",IF(AND(K81="Open",L81>Target),"Yes","No")) -> No | N81: =IF(K81<>"Open","",IF(L81<=30,"0-30",IF(L81<=60,"31-60",IF(L81<=90,"61-90","90+")))) | O81: =IF(A81="","",IF(COUNTIFS($D$5:$D$400,D81,$F$5:$F$400,F81,$B$5:$B$400,">="&(B81-RepeatWin),$B$5:$B$400,"<"&B81)>0,"Yes","No")) -> No | P81: =IF(OR(I81="",H81=""),"",H81+CapaDue) | Q81: =IF(A81="","",IF(I81="","Not required",IF(J81<>"","Closed",IF(H81="","Awaiting dev. close",IF(AsOf>P81,"Overdue","Open"))))) -> Not required | R81: =IF(J81="","",IF(COUNTIFS($D$5:$D$400,D81,$F$5:$F$400,F81,$B$5:$B$400,">"&J81,$B$5:$B$400,"<="&(J81+EffWin))>0,"Ineffective",IF(AsOf-J81>=EffWin,"Effective","Check pending"))) | S81: =IF(A81="","",DATE(YEAR(B81),MONTH(B81),1)) -> 45992 | T81: =IF(H81="","",DATE(YEAR(H81),MONTH(H81),1)) -> 45992 | U81: =IF(H81="","",IF(AsOf-H81<=90,L81,"")) | V81: =IF(H81="","",IF(AND(AsOf-H81>90,AsOf-H81<=270),L81,""))
A82: DEV-25-0178 | B82: 46001 | C82: QC Microbiology | D82: Endotoxin (LAL) testing | E82: Minor | F82: Training gap | G82: K. Tran | H82: 46019 | K82: =IF(A82="","",IF(H82="","Open","Closed")) -> Closed | L82: =IF(A82="","",IF(H82="",AsOf-B82,H82-B82)) -> 18 | M82: =IF(A82="","",IF(AND(K82="Open",L82>Target),"Yes","No")) -> No | N82: =IF(K82<>"Open","",IF(L82<=30,"0-30",IF(L82<=60,"31-60",IF(L82<=90,"61-90","90+")))) | O82: =IF(A82="","",IF(COUNTIFS($D$5:$D$400,D82,$F$5:$F$400,F82,$B$5:$B$400,">="&(B82-RepeatWin),$B$5:$B$400,"<"&B82)>0,"Yes","No")) -> No | P82: =IF(OR(I82="",H82=""),"",H82+CapaDue) | Q82: =IF(A82="","",IF(I82="","Not required",IF(J82<>"","Closed",IF(H82="","Awaiting dev. close",IF(AsOf>P82,"Overdue","Open"))))) -> Not required | R82: =IF(J82="","",IF(COUNTIFS($D$5:$D$400,D82,$F$5:$F$400,F82,$B$5:$B$400,">"&J82,$B$5:$B$400,"<="&(J82+EffWin))>0,"Ineffective",IF(AsOf-J82>=EffWin,"Effective","Check pending"))) | S82: =IF(A82="","",DATE(YEAR(B82),MONTH(B82),1)) -> 45992 | T82: =IF(H82="","",DATE(YEAR(H82),MONTH(H82),1)) -> 45992 | U82: =IF(H82="","",IF(AsOf-H82<=90,L82,"")) | V82: =IF(H82="","",IF(AND(AsOf-H82>90,AsOf-H82<=270),L82,""))
A83: DEV-25-0179 | B83: 46003 | C83: Valve assembly | D83: Leaflet suturing cell 3 | E83: Minor | F83: Equipment malfunction | G83: M. Chen | H83: 46016 | K83: =IF(A83="","",IF(H83="","Open","Closed")) -> Closed | L83: =IF(A83="","",IF(H83="",AsOf-B83,H83-B83)) -> 13 | M83: =IF(A83="","",IF(AND(K83="Open",L83>Target),"Yes","No")) -> No | N83: =IF(K83<>"Open","",IF(L83<=30,"0-30",IF(L83<=60,"31-60",IF(L83<=90,"61-90","90+")))) | O83: =IF(A83="","",IF(COUNTIFS($D$5:$D$400,D83,$F$5:$F$400,F83,$B$5:$B$400,">="&(B83-RepeatWin),$B$5:$B$400,"<"&B83)>0,"Yes","No")) -> No | P83: =IF(OR(I83="",H83=""),"",H83+CapaDue) | Q83: =IF(A83="","",IF(I83="","Not required",IF(J83<>"","Closed",IF(H83="","Awaiting dev. close",IF(AsOf>P83,"Overdue","Open"))))) -> Not required | R83: =IF(J83="","",IF(COUNTIFS($D$5:$D$400,D83,$F$5:$F$400,F83,$B$5:$B$400,">"&J83,$B$5:$B$400,"<="&(J83+EffWin))>0,"Ineffective",IF(AsOf-J83>=EffWin,"Effective","Check pending"))) | S83: =IF(A83="","",DATE(YEAR(B83),MONTH(B83),1)) -> 45992 | T83: =IF(H83="","",DATE(YEAR(H83),MONTH(H83),1)) -> 45992 | U83: =IF(H83="","",IF(AsOf-H83<=90,L83,"")) | V83: =IF(H83="","",IF(AND(AsOf-H83>90,AsOf-H83<=270),L83,""))
A84: DEV-25-0180 | B84: 46005 | C84: Facilities | D84: Cleanroom HVAC AHU-3 | E84: Minor | F84: Equipment malfunction | G84: D. Kim | H84: 46023 | K84: =IF(A84="","",IF(H84="","Open","Closed")) -> Closed | L84: =IF(A84="","",IF(H84="",AsOf-B84,H84-B84)) -> 18 | M84: =IF(A84="","",IF(AND(K84="Open",L84>Target),"Yes","No")) -> No | N84: =IF(K84<>"Open","",IF(L84<=30,"0-30",IF(L84<=60,"31-60",IF(L84<=90,"61-90","90+")))) | O84: =IF(A84="","",IF(COUNTIFS($D$5:$D$400,D84,$F$5:$F$400,F84,$B$5:$B$400,">="&(B84-RepeatWin),$B$5:$B$400,"<"&B84)>0,"Yes","No")) -> No | P84: =IF(OR(I84="",H84=""),"",H84+CapaDue) | Q84: =IF(A84="","",IF(I84="","Not required",IF(J84<>"","Closed",IF(H84="","Awaiting dev. close",IF(AsOf>P84,"Overdue","Open"))))) -> Not required | R84: =IF(J84="","",IF(COUNTIFS($D$5:$D$400,D84,$F$5:$F$400,F84,$B$5:$B$400,">"&J84,$B$5:$B$400,"<="&(J84+EffWin))>0,"Ineffective",IF(AsOf-J84>=EffWin,"Effective","Check pending"))) | S84: =IF(A84="","",DATE(YEAR(B84),MONTH(B84),1)) -> 45992 | T84: =IF(H84="","",DATE(YEAR(H84),MONTH(H84),1)) -> 46023 | U84: =IF(H84="","",IF(AsOf-H84<=90,L84,"")) | V84: =IF(H84="","",IF(AND(AsOf-H84>90,AsOf-H84<=270),L84,""))
A85: DEV-25-0181 | B85: 46019 | C85: Packaging | D85: Packaging line PL-1 | E85: Minor | F85: Equipment malfunction | G85: K. Tran | H85: 46034 | K85: =IF(A85="","",IF(H85="","Open","Closed")) -> Closed | L85: =IF(A85="","",IF(H85="",AsOf-B85,H85-B85)) -> 15 | M85: =IF(A85="","",IF(AND(K85="Open",L85>Target),"Yes","No")) -> No | N85: =IF(K85<>"Open","",IF(L85<=30,"0-30",IF(L85<=60,"31-60",IF(L85<=90,"61-90","90+")))) | O85: =IF(A85="","",IF(COUNTIFS($D$5:$D$400,D85,$F$5:$F$400,F85,$B$5:$B$400,">="&(B85-RepeatWin),$B$5:$B$400,"<"&B85)>0,"Yes","No")) -> No | P85: =IF(OR(I85="",H85=""),"",H85+CapaDue) | Q85: =IF(A85="","",IF(I85="","Not required",IF(J85<>"","Closed",IF(H85="","Awaiting dev. close",IF(AsOf>P85,"Overdue","Open"))))) -> Not required | R85: =IF(J85="","",IF(COUNTIFS($D$5:$D$400,D85,$F$5:$F$400,F85,$B$5:$B$400,">"&J85,$B$5:$B$400,"<="&(J85+EffWin))>0,"Ineffective",IF(AsOf-J85>=EffWin,"Effective","Check pending"))) | S85: =IF(A85="","",DATE(YEAR(B85),MONTH(B85),1)) -> 45992 | T85: =IF(H85="","",DATE(YEAR(H85),MONTH(H85),1)) -> 46023 | U85: =IF(H85="","",IF(AsOf-H85<=90,L85,"")) | V85: =IF(H85="","",IF(AND(AsOf-H85>90,AsOf-H85<=270),L85,"")) -> 15
A86: DEV-26-0182 | B86: 46026 | C86: QC Microbiology | D86: Water testing | E86: Minor | F86: Training gap | G86: L. Haddad | H86: 46041 | K86: =IF(A86="","",IF(H86="","Open","Closed")) -> Closed | L86: =IF(A86="","",IF(H86="",AsOf-B86,H86-B86)) -> 15 | M86: =IF(A86="","",IF(AND(K86="Open",L86>Target),"Yes","No")) -> No | N86: =IF(K86<>"Open","",IF(L86<=30,"0-30",IF(L86<=60,"31-60",IF(L86<=90,"61-90","90+")))) | O86: =IF(A86="","",IF(COUNTIFS($D$5:$D$400,D86,$F$5:$F$400,F86,$B$5:$B$400,">="&(B86-RepeatWin),$B$5:$B$400,"<"&B86)>0,"Yes","No")) -> No | P86: =IF(OR(I86="",H86=""),"",H86+CapaDue) | Q86: =IF(A86="","",IF(I86="","Not required",IF(J86<>"","Closed",IF(H86="","Awaiting dev. close",IF(AsOf>P86,"Overdue","Open"))))) -> Not required | R86: =IF(J86="","",IF(COUNTIFS($D$5:$D$400,D86,$F$5:$F$400,F86,$B$5:$B$400,">"&J86,$B$5:$B$400,"<="&(J86+EffWin))>0,"Ineffective",IF(AsOf-J86>=EffWin,"Effective","Check pending"))) | S86: =IF(A86="","",DATE(YEAR(B86),MONTH(B86),1)) -> 46023 | T86: =IF(H86="","",DATE(YEAR(H86),MONTH(H86),1)) -> 46023 | U86: =IF(H86="","",IF(AsOf-H86<=90,L86,"")) | V86: =IF(H86="","",IF(AND(AsOf-H86>90,AsOf-H86<=270),L86,"")) -> 15
A87: DEV-26-0183 | B87: 46027 | C87: Valve assembly | D87: Leaflet suturing cell 1 | E87: Minor | F87: Training gap | G87: R. Patel | H87: 46044 | K87: =IF(A87="","",IF(H87="","Open","Closed")) -> Closed | L87: =IF(A87="","",IF(H87="",AsOf-B87,H87-B87)) -> 17 | M87: =IF(A87="","",IF(AND(K87="Open",L87>Target),"Yes","No")) -> No | N87: =IF(K87<>"Open","",IF(L87<=30,"0-30",IF(L87<=60,"31-60",IF(L87<=90,"61-90","90+")))) | O87: =IF(A87="","",IF(COUNTIFS($D$5:$D$400,D87,$F$5:$F$400,F87,$B$5:$B$400,">="&(B87-RepeatWin),$B$5:$B$400,"<"&B87)>0,"Yes","No")) -> No | P87: =IF(OR(I87="",H87=""),"",H87+CapaDue) | Q87: =IF(A87="","",IF(I87="","Not required",IF(J87<>"","Closed",IF(H87="","Awaiting dev. close",IF(AsOf>P87,"Overdue","Open"))))) -> Not required | R87: =IF(J87="","",IF(COUNTIFS($D$5:$D$400,D87,$F$5:$F$400,F87,$B$5:$B$400,">"&J87,$B$5:$B$400,"<="&(J87+EffWin))>0,"Ineffective",IF(AsOf-J87>=EffWin,"Effective","Check pending"))) | S87: =IF(A87="","",DATE(YEAR(B87),MONTH(B87),1)) -> 46023 | T87: =IF(H87="","",DATE(YEAR(H87),MONTH(H87),1)) -> 46023 | U87: =IF(H87="","",IF(AsOf-H87<=90,L87,"")) | V87: =IF(H87="","",IF(AND(AsOf-H87>90,AsOf-H87<=270),L87,"")) -> 17
A88: DEV-26-0184 | B88: 46029 | C88: Facilities | D88: Cleanroom HVAC AHU-1 | E88: Minor | F88: Equipment malfunction | G88: K. Tran | H88: 46042 | K88: =IF(A88="","",IF(H88="","Open","Closed")) -> Closed | L88: =IF(A88="","",IF(H88="",AsOf-B88,H88-B88)) -> 13 | M88: =IF(A88="","",IF(AND(K88="Open",L88>Target),"Yes","No")) -> No | N88: =IF(K88<>"Open","",IF(L88<=30,"0-30",IF(L88<=60,"31-60",IF(L88<=90,"61-90","90+")))) | O88: =IF(A88="","",IF(COUNTIFS($D$5:$D$400,D88,$F$5:$F$400,F88,$B$5:$B$400,">="&(B88-RepeatWin),$B$5:$B$400,"<"&B88)>0,"Yes","No")) -> No | P88: =IF(OR(I88="",H88=""),"",H88+CapaDue) | Q88: =IF(A88="","",IF(I88="","Not required",IF(J88<>"","Closed",IF(H88="","Awaiting dev. close",IF(AsOf>P88,"Overdue","Open"))))) -> Not required | R88: =IF(J88="","",IF(COUNTIFS($D$5:$D$400,D88,$F$5:$F$400,F88,$B$5:$B$400,">"&J88,$B$5:$B$400,"<="&(J88+EffWin))>0,"Ineffective",IF(AsOf-J88>=EffWin,"Effective","Check pending"))) | S88: =IF(A88="","",DATE(YEAR(B88),MONTH(B88),1)) -> 46023 | T88: =IF(H88="","",DATE(YEAR(H88),MONTH(H88),1)) -> 46023 | U88: =IF(H88="","",IF(AsOf-H88<=90,L88,"")) | V88: =IF(H88="","",IF(AND(AsOf-H88>90,AsOf-H88<=270),L88,"")) -> 13
A89: DEV-26-0185 | B89: 46035 | C89: QC Microbiology | D89: Incubator INC-02 | E89: Minor | F89: Sample handling error | G89: S. Okafor | H89: 46051 | K89: =IF(A89="","",IF(H89="","Open","Closed")) -> Closed | L89: =IF(A89="","",IF(H89="",AsOf-B89,H89-B89)) -> 16 | M89: =IF(A89="","",IF(AND(K89="Open",L89>Target),"Yes","No")) -> No | N89: =IF(K89<>"Open","",IF(L89<=30,"0-30",IF(L89<=60,"31-60",IF(L89<=90,"61-90","90+")))) | O89: =IF(A89="","",IF(COUNTIFS($D$5:$D$400,D89,$F$5:$F$400,F89,$B$5:$B$400,">="&(B89-RepeatWin),$B$5:$B$400,"<"&B89)>0,"Yes","No")) -> No | P89: =IF(OR(I89="",H89=""),"",H89+CapaDue) | Q89: =IF(A89="","",IF(I89="","Not required",IF(J89<>"","Closed",IF(H89="","Awaiting dev. close",IF(AsOf>P89,"Overdue","Open"))))) -> Not required | R89: =IF(J89="","",IF(COUNTIFS($D$5:$D$400,D89,$F$5:$F$400,F89,$B$5:$B$400,">"&J89,$B$5:$B$400,"<="&(J89+EffWin))>0,"Ineffective",IF(AsOf-J89>=EffWin,"Effective","Check pending"))) | S89: =IF(A89="","",DATE(YEAR(B89),MONTH(B89),1)) -> 46023 | T89: =IF(H89="","",DATE(YEAR(H89),MONTH(H89),1)) -> 46023 | U89: =IF(H89="","",IF(AsOf-H89<=90,L89,"")) | V89: =IF(H89="","",IF(AND(AsOf-H89>90,AsOf-H89<=270),L89,"")) -> 16
A90: DEV-26-0186 | B90: 46041 | C90: Packaging | D90: Packaging line PL-3 | E90: Minor | F90: Equipment malfunction | G90: R. Patel | H90: 46057 | K90: =IF(A90="","",IF(H90="","Open","Closed")) -> Closed | L90: =IF(A90="","",IF(H90="",AsOf-B90,H90-B90)) -> 16 | M90: =IF(A90="","",IF(AND(K90="Open",L90>Target),"Yes","No")) -> No | N90: =IF(K90<>"Open","",IF(L90<=30,"0-30",IF(L90<=60,"31-60",IF(L90<=90,"61-90","90+")))) | O90: =IF(A90="","",IF(COUNTIFS($D$5:$D$400,D90,$F$5:$F$400,F90,$B$5:$B$400,">="&(B90-RepeatWin),$B$5:$B$400,"<"&B90)>0,"Yes","No")) -> No | P90: =IF(OR(I90="",H90=""),"",H90+CapaDue) | Q90: =IF(A90="","",IF(I90="","Not required",IF(J90<>"","Closed",IF(H90="","Awaiting dev. close",IF(AsOf>P90,"Overdue","Open"))))) -> Not required | R90: =IF(J90="","",IF(COUNTIFS($D$5:$D$400,D90,$F$5:$F$400,F90,$B$5:$B$400,">"&J90,$B$5:$B$400,"<="&(J90+EffWin))>0,"Ineffective",IF(AsOf-J90>=EffWin,"Effective","Check pending"))) | S90: =IF(A90="","",DATE(YEAR(B90),MONTH(B90),1)) -> 46023 | T90: =IF(H90="","",DATE(YEAR(H90),MONTH(H90),1)) -> 46054 | U90: =IF(H90="","",IF(AsOf-H90<=90,L90,"")) | V90: =IF(H90="","",IF(AND(AsOf-H90>90,AsOf-H90<=270),L90,"")) -> 16
A91: DEV-26-0187 | B91: 46042 | C91: Packaging | D91: Packaging line PL-1 | E91: Major | F91: Line clearance not performed | G91: D. Kim | H91: 46066 | I91: CAPA-019 | J91: 46111 | K91: =IF(A91="","",IF(H91="","Open","Closed")) -> Closed | L91: =IF(A91="","",IF(H91="",AsOf-B91,H91-B91)) -> 24 | M91: =IF(A91="","",IF(AND(K91="Open",L91>Target),"Yes","No")) -> No | N91: =IF(K91<>"Open","",IF(L91<=30,"0-30",IF(L91<=60,"31-60",IF(L91<=90,"61-90","90+")))) | O91: =IF(A91="","",IF(COUNTIFS($D$5:$D$400,D91,$F$5:$F$400,F91,$B$5:$B$400,">="&(B91-RepeatWin),$B$5:$B$400,"<"&B91)>0,"Yes","No")) -> Yes | P91: =IF(OR(I91="",H91=""),"",H91+CapaDue) -> 46156 | Q91: =IF(A91="","",IF(I91="","Not required",IF(J91<>"","Closed",IF(H91="","Awaiting dev. close",IF(AsOf>P91,"Overdue","Open"))))) -> Closed | R91: =IF(J91="","",IF(COUNTIFS($D$5:$D$400,D91,$F$5:$F$400,F91,$B$5:$B$400,">"&J91,$B$5:$B$400,"<="&(J91+EffWin))>0,"Ineffective",IF(AsOf-J91>=EffWin,"Effective","Check pending"))) -> Ineffective | S91: =IF(A91="","",DATE(YEAR(B91),MONTH(B91),1)) -> 46023 | T91: =IF(H91="","",DATE(YEAR(H91),MONTH(H91),1)) -> 46054 | U91: =IF(H91="","",IF(AsOf-H91<=90,L91,"")) | V91: =IF(H91="","",IF(AND(AsOf-H91>90,AsOf-H91<=270),L91,"")) -> 24
A92: DEV-26-0188 | B92: 46044 | C92: QC Microbiology | D92: Media preparation | E92: Major | F92: Procedure not followed | G92: R. Patel | H92: 46067 | I92: CAPA-020 | J92: 46126 | K92: =IF(A92="","",IF(H92="","Open","Closed")) -> Closed | L92: =IF(A92="","",IF(H92="",AsOf-B92,H92-B92)) -> 23 | M92: =IF(A92="","",IF(AND(K92="Open",L92>Target),"Yes","No")) -> No | N92: =IF(K92<>"Open","",IF(L92<=30,"0-30",IF(L92<=60,"31-60",IF(L92<=90,"61-90","90+")))) | O92: =IF(A92="","",IF(COUNTIFS($D$5:$D$400,D92,$F$5:$F$400,F92,$B$5:$B$400,">="&(B92-RepeatWin),$B$5:$B$400,"<"&B92)>0,"Yes","No")) -> No | P92: =IF(OR(I92="",H92=""),"",H92+CapaDue) -> 46157 | Q92: =IF(A92="","",IF(I92="","Not required",IF(J92<>"","Closed",IF(H92="","Awaiting dev. close",IF(AsOf>P92,"Overdue","Open"))))) -> Closed | R92: =IF(J92="","",IF(COUNTIFS($D$5:$D$400,D92,$F$5:$F$400,F92,$B$5:$B$400,">"&J92,$B$5:$B$400,"<="&(J92+EffWin))>0,"Ineffective",IF(AsOf-J92>=EffWin,"Effective","Check pending"))) -> Check pending | S92: =IF(A92="","",DATE(YEAR(B92),MONTH(B92),1)) -> 46023 | T92: =IF(H92="","",DATE(YEAR(H92),MONTH(H92),1)) -> 46054 | U92: =IF(H92="","",IF(AsOf-H92<=90,L92,"")) | V92: =IF(H92="","",IF(AND(AsOf-H92>90,AsOf-H92<=270),L92,"")) -> 23
A93: DEV-26-0189 | B93: 46044 | C93: Warehouse | D93: Quarantine cage | E93: Minor | F93: Supplier material defect | G93: R. Patel | H93: 46058 | K93: =IF(A93="","",IF(H93="","Open","Closed")) -> Closed | L93: =IF(A93="","",IF(H93="",AsOf-B93,H93-B93)) -> 14 | M93: =IF(A93="","",IF(AND(K93="Open",L93>Target),"Yes","No")) -> No | N93: =IF(K93<>"Open","",IF(L93<=30,"0-30",IF(L93<=60,"31-60",IF(L93<=90,"61-90","90+")))) | O93: =IF(A93="","",IF(COUNTIFS($D$5:$D$400,D93,$F$5:$F$400,F93,$B$5:$B$400,">="&(B93-RepeatWin),$B$5:$B$400,"<"&B93)>0,"Yes","No")) -> No | P93: =IF(OR(I93="",H93=""),"",H93+CapaDue) | Q93: =IF(A93="","",IF(I93="","Not required",IF(J93<>"","Closed",IF(H93="","Awaiting dev. close",IF(AsOf>P93,"Overdue","Open"))))) -> Not required | R93: =IF(J93="","",IF(COUNTIFS($D$5:$D$400,D93,$F$5:$F$400,F93,$B$5:$B$400,">"&J93,$B$5:$B$400,"<="&(J93+EffWin))>0,"Ineffective",IF(AsOf-J93>=EffWin,"Effective","Check pending"))) | S93: =IF(A93="","",DATE(YEAR(B93),MONTH(B93),1)) -> 46023 | T93: =IF(H93="","",DATE(YEAR(H93),MONTH(H93),1)) -> 46054 | U93: =IF(H93="","",IF(AsOf-H93<=90,L93,"")) | V93: =IF(H93="","",IF(AND(AsOf-H93>90,AsOf-H93<=270),L93,"")) -> 14
A94: DEV-26-0190 | B94: 46052 | C94: Sterilization | D94: Autoclave AC-02 | E94: Major | F94: Calibration overdue | G94: K. Tran | H94: 46069 | I94: CAPA-021 | J94: 46124 | K94: =IF(A94="","",IF(H94="","Open","Closed")) -> Closed | L94: =IF(A94="","",IF(H94="",AsOf-B94,H94-B94)) -> 17 | M94: =IF(A94="","",IF(AND(K94="Open",L94>Target),"Yes","No")) -> No | N94: =IF(K94<>"Open","",IF(L94<=30,"0-30",IF(L94<=60,"31-60",IF(L94<=90,"61-90","90+")))) | O94: =IF(A94="","",IF(COUNTIFS($D$5:$D$400,D94,$F$5:$F$400,F94,$B$5:$B$400,">="&(B94-RepeatWin),$B$5:$B$400,"<"&B94)>0,"Yes","No")) -> No | P94: =IF(OR(I94="",H94=""),"",H94+CapaDue) -> 46159 | Q94: =IF(A94="","",IF(I94="","Not required",IF(J94<>"","Closed",IF(H94="","Awaiting dev. close",IF(AsOf>P94,"Overdue","Open"))))) -> Closed | R94: =IF(J94="","",IF(COUNTIFS($D$5:$D$400,D94,$F$5:$F$400,F94,$B$5:$B$400,">"&J94,$B$5:$B$400,"<="&(J94+EffWin))>0,"Ineffective",IF(AsOf-J94>=EffWin,"Effective","Check pending"))) -> Check pending | S94: =IF(A94="","",DATE(YEAR(B94),MONTH(B94),1)) -> 46023 | T94: =IF(H94="","",DATE(YEAR(H94),MONTH(H94),1)) -> 46054 | U94: =IF(H94="","",IF(AsOf-H94<=90,L94,"")) | V94: =IF(H94="","",IF(AND(AsOf-H94>90,AsOf-H94<=270),L94,"")) -> 17
A95: DEV-26-0191 | B95: 46052 | C95: Packaging | D95: Pouch sealer PS-2 | E95: Minor | F95: Labeling error | G95: D. Kim | H95: 46068 | K95: =IF(A95="","",IF(H95="","Open","Closed")) -> Closed | L95: =IF(A95="","",IF(H95="",AsOf-B95,H95-B95)) -> 16 | M95: =IF(A95="","",IF(AND(K95="Open",L95>Target),"Yes","No")) -> No | N95: =IF(K95<>"Open","",IF(L95<=30,"0-30",IF(L95<=60,"31-60",IF(L95<=90,"61-90","90+")))) | O95: =IF(A95="","",IF(COUNTIFS($D$5:$D$400,D95,$F$5:$F$400,F95,$B$5:$B$400,">="&(B95-RepeatWin),$B$5:$B$400,"<"&B95)>0,"Yes","No")) -> No | P95: =IF(OR(I95="",H95=""),"",H95+CapaDue) | Q95: =IF(A95="","",IF(I95="","Not required",IF(J95<>"","Closed",IF(H95="","Awaiting dev. close",IF(AsOf>P95,"Overdue","Open"))))) -> Not required | R95: =IF(J95="","",IF(COUNTIFS($D$5:$D$400,D95,$F$5:$F$400,F95,$B$5:$B$400,">"&J95,$B$5:$B$400,"<="&(J95+EffWin))>0,"Ineffective",IF(AsOf-J95>=EffWin,"Effective","Check pending"))) | S95: =IF(A95="","",DATE(YEAR(B95),MONTH(B95),1)) -> 46023 | T95: =IF(H95="","",DATE(YEAR(H95),MONTH(H95),1)) -> 46054 | U95: =IF(H95="","",IF(AsOf-H95<=90,L95,"")) | V95: =IF(H95="","",IF(AND(AsOf-H95>90,AsOf-H95<=270),L95,"")) -> 16
A96: DEV-26-0192 | B96: 46053 | C96: Packaging | D96: Packaging line PL-2 | E96: Minor | F96: Line clearance not performed | G96: S. Okafor | H96: 46067 | K96: =IF(A96="","",IF(H96="","Open","Closed")) -> Closed | L96: =IF(A96="","",IF(H96="",AsOf-B96,H96-B96)) -> 14 | M96: =IF(A96="","",IF(AND(K96="Open",L96>Target),"Yes","No")) -> No | N96: =IF(K96<>"Open","",IF(L96<=30,"0-30",IF(L96<=60,"31-60",IF(L96<=90,"61-90","90+")))) | O96: =IF(A96="","",IF(COUNTIFS($D$5:$D$400,D96,$F$5:$F$400,F96,$B$5:$B$400,">="&(B96-RepeatWin),$B$5:$B$400,"<"&B96)>0,"Yes","No")) -> No | P96: =IF(OR(I96="",H96=""),"",H96+CapaDue) | Q96: =IF(A96="","",IF(I96="","Not required",IF(J96<>"","Closed",IF(H96="","Awaiting dev. close",IF(AsOf>P96,"Overdue","Open"))))) -> Not required | R96: =IF(J96="","",IF(COUNTIFS($D$5:$D$400,D96,$F$5:$F$400,F96,$B$5:$B$400,">"&J96,$B$5:$B$400,"<="&(J96+EffWin))>0,"Ineffective",IF(AsOf-J96>=EffWin,"Effective","Check pending"))) | S96: =IF(A96="","",DATE(YEAR(B96),MONTH(B96),1)) -> 46023 | T96: =IF(H96="","",DATE(YEAR(H96),MONTH(H96),1)) -> 46054 | U96: =IF(H96="","",IF(AsOf-H96<=90,L96,"")) | V96: =IF(H96="","",IF(AND(AsOf-H96>90,AsOf-H96<=270),L96,"")) -> 14
A97: DEV-26-0193 | B97: 46054 | C97: Valve assembly | D97: Final inspection bench | E97: Major | F97: Training gap | G97: D. Kim | H97: 46082 | I97: CAPA-022 | J97: 46152 | K97: =IF(A97="","",IF(H97="","Open","Closed")) -> Closed | L97: =IF(A97="","",IF(H97="",AsOf-B97,H97-B97)) -> 28 | M97: =IF(A97="","",IF(AND(K97="Open",L97>Target),"Yes","No")) -> No | N97: =IF(K97<>"Open","",IF(L97<=30,"0-30",IF(L97<=60,"31-60",IF(L97<=90,"61-90","90+")))) | O97: =IF(A97="","",IF(COUNTIFS($D$5:$D$400,D97,$F$5:$F$400,F97,$B$5:$B$400,">="&(B97-RepeatWin),$B$5:$B$400,"<"&B97)>0,"Yes","No")) -> No | P97: =IF(OR(I97="",H97=""),"",H97+CapaDue) -> 46172 | Q97: =IF(A97="","",IF(I97="","Not required",IF(J97<>"","Closed",IF(H97="","Awaiting dev. close",IF(AsOf>P97,"Overdue","Open"))))) -> Closed | R97: =IF(J97="","",IF(COUNTIFS($D$5:$D$400,D97,$F$5:$F$400,F97,$B$5:$B$400,">"&J97,$B$5:$B$400,"<="&(J97+EffWin))>0,"Ineffective",IF(AsOf-J97>=EffWin,"Effective","Check pending"))) -> Check pending | S97: =IF(A97="","",DATE(YEAR(B97),MONTH(B97),1)) -> 46054 | T97: =IF(H97="","",DATE(YEAR(H97),MONTH(H97),1)) -> 46082 | U97: =IF(H97="","",IF(AsOf-H97<=90,L97,"")) | V97: =IF(H97="","",IF(AND(AsOf-H97>90,AsOf-H97<=270),L97,"")) -> 28
A98: DEV-26-0194 | B98: 46056 | C98: QC Microbiology | D98: Incubator INC-04 | E98: Minor | F98: Calibration overdue | G98: K. Tran | H98: 46068 | K98: =IF(A98="","",IF(H98="","Open","Closed")) -> Closed | L98: =IF(A98="","",IF(H98="",AsOf-B98,H98-B98)) -> 12 | M98: =IF(A98="","",IF(AND(K98="Open",L98>Target),"Yes","No")) -> No | N98: =IF(K98<>"Open","",IF(L98<=30,"0-30",IF(L98<=60,"31-60",IF(L98<=90,"61-90","90+")))) | O98: =IF(A98="","",IF(COUNTIFS($D$5:$D$400,D98,$F$5:$F$400,F98,$B$5:$B$400,">="&(B98-RepeatWin),$B$5:$B$400,"<"&B98)>0,"Yes","No")) -> No | P98: =IF(OR(I98="",H98=""),"",H98+CapaDue) | Q98: =IF(A98="","",IF(I98="","Not required",IF(J98<>"","Closed",IF(H98="","Awaiting dev. close",IF(AsOf>P98,"Overdue","Open"))))) -> Not required | R98: =IF(J98="","",IF(COUNTIFS($D$5:$D$400,D98,$F$5:$F$400,F98,$B$5:$B$400,">"&J98,$B$5:$B$400,"<="&(J98+EffWin))>0,"Ineffective",IF(AsOf-J98>=EffWin,"Effective","Check pending"))) | S98: =IF(A98="","",DATE(YEAR(B98),MONTH(B98),1)) -> 46054 | T98: =IF(H98="","",DATE(YEAR(H98),MONTH(H98),1)) -> 46054 | U98: =IF(H98="","",IF(AsOf-H98<=90,L98,"")) | V98: =IF(H98="","",IF(AND(AsOf-H98>90,AsOf-H98<=270),L98,"")) -> 12
A99: DEV-26-0195 | B99: 46069 | C99: Facilities | D99: Compressed air system | E99: Minor | F99: Equipment malfunction | G99: L. Haddad | H99: 46087 | K99: =IF(A99="","",IF(H99="","Open","Closed")) -> Closed | L99: =IF(A99="","",IF(H99="",AsOf-B99,H99-B99)) -> 18 | M99: =IF(A99="","",IF(AND(K99="Open",L99>Target),"Yes","No")) -> No | N99: =IF(K99<>"Open","",IF(L99<=30,"0-30",IF(L99<=60,"31-60",IF(L99<=90,"61-90","90+")))) | O99: =IF(A99="","",IF(COUNTIFS($D$5:$D$400,D99,$F$5:$F$400,F99,$B$5:$B$400,">="&(B99-RepeatWin),$B$5:$B$400,"<"&B99)>0,"Yes","No")) -> No | P99: =IF(OR(I99="",H99=""),"",H99+CapaDue) | Q99: =IF(A99="","",IF(I99="","Not required",IF(J99<>"","Closed",IF(H99="","Awaiting dev. close",IF(AsOf>P99,"Overdue","Open"))))) -> Not required | R99: =IF(J99="","",IF(COUNTIFS($D$5:$D$400,D99,$F$5:$F$400,F99,$B$5:$B$400,">"&J99,$B$5:$B$400,"<="&(J99+EffWin))>0,"Ineffective",IF(AsOf-J99>=EffWin,"Effective","Check pending"))) | S99: =IF(A99="","",DATE(YEAR(B99),MONTH(B99),1)) -> 46054 | T99: =IF(H99="","",DATE(YEAR(H99),MONTH(H99),1)) -> 46082 | U99: =IF(H99="","",IF(AsOf-H99<=90,L99,"")) | V99: =IF(H99="","",IF(AND(AsOf-H99>90,AsOf-H99<=270),L99,"")) -> 18
A100: DEV-26-0196 | B100: 46071 | C100: Valve assembly | D100: Leaflet suturing cell 2 | E100: Minor | F100: Supplier material defect | G100: D. Kim | H100: 46084 | K100: =IF(A100="","",IF(H100="","Open","Closed")) -> Closed | L100: =IF(A100="","",IF(H100="",AsOf-B100,H100-B100)) -> 13 | M100: =IF(A100="","",IF(AND(K100="Open",L100>Target),"Yes","No")) -> No | N100: =IF(K100<>"Open","",IF(L100<=30,"0-30",IF(L100<=60,"31-60",IF(L100<=90,"61-90","90+")))) | O100: =IF(A100="","",IF(COUNTIFS($D$5:$D$400,D100,$F$5:$F$400,F100,$B$5:$B$400,">="&(B100-RepeatWin),$B$5:$B$400,"<"&B100)>0,"Yes","No")) -> No | P100: =IF(OR(I100="",H100=""),"",H100+CapaDue) | Q100: =IF(A100="","",IF(I100="","Not required",IF(J100<>"","Closed",IF(H100="","Awaiting dev. close",IF(AsOf>P100,"Overdue","Open"))))) -> Not required | R100: =IF(J100="","",IF(COUNTIFS($D$5:$D$400,D100,$F$5:$F$400,F100,$B$5:$B$400,">"&J100,$B$5:$B$400,"<="&(J100+EffWin))>0,"Ineffective",IF(AsOf-J100>=EffWin,"Effective","Check pending"))) | S100: =IF(A100="","",DATE(YEAR(B100),MONTH(B100),1)) -> 46054 | T100: =IF(H100="","",DATE(YEAR(H100),MONTH(H100),1)) -> 46082 | U100: =IF(H100="","",IF(AsOf-H100<=90,L100,"")) | V100: =IF(H100="","",IF(AND(AsOf-H100>90,AsOf-H100<=270),L100,"")) -> 13
A101: DEV-26-0197 | B101: 46071 | C101: Facilities | D101: Gowning room GR-2 | E101: Minor | F101: Equipment malfunction | G101: S. Okafor | H101: 46091 | K101: =IF(A101="","",IF(H101="","Open","Closed")) -> Closed | L101: =IF(A101="","",IF(H101="",AsOf-B101,H101-B101)) -> 20 | M101: =IF(A101="","",IF(AND(K101="Open",L101>Target),"Yes","No")) -> No | N101: =IF(K101<>"Open","",IF(L101<=30,"0-30",IF(L101<=60,"31-60",IF(L101<=90,"61-90","90+")))) | O101: =IF(A101="","",IF(COUNTIFS($D$5:$D$400,D101,$F$5:$F$400,F101,$B$5:$B$400,">="&(B101-RepeatWin),$B$5:$B$400,"<"&B101)>0,"Yes","No")) -> No | P101: =IF(OR(I101="",H101=""),"",H101+CapaDue) | Q101: =IF(A101="","",IF(I101="","Not required",IF(J101<>"","Closed",IF(H101="","Awaiting dev. close",IF(AsOf>P101,"Overdue","Open"))))) -> Not required | R101: =IF(J101="","",IF(COUNTIFS($D$5:$D$400,D101,$F$5:$F$400,F101,$B$5:$B$400,">"&J101,$B$5:$B$400,"<="&(J101+EffWin))>0,"Ineffective",IF(AsOf-J101>=EffWin,"Effective","Check pending"))) | S101: =IF(A101="","",DATE(YEAR(B101),MONTH(B101),1)) -> 46054 | T101: =IF(H101="","",DATE(YEAR(H101),MONTH(H101),1)) -> 46082 | U101: =IF(H101="","",IF(AsOf-H101<=90,L101,"")) | V101: =IF(H101="","",IF(AND(AsOf-H101>90,AsOf-H101<=270),L101,"")) -> 20
...

Sheet Repeat Analysis
A1: Repeat Analysis
A2: Equipment / root-cause pairs that have repeated. Counts and CAPA results are formulas on the Deviation Log.
A4: Area | B4: Equipment / process | C4: Root cause | D4: Records | E4: Repeats | F4: First opened | G4: Last opened | H4: CAPAs raised | I4: CAPAs ineffective | J4: CAPAs open | K4: Flag
A5: Packaging | B5: Packaging line PL-1 | C5: Line clearance not performed | D5: =COUNTIFS('Deviation Log'!$D$5:$D$400,B5,'Deviation Log'!$F$5:$F$400,C5) -> 4 | E5: =COUNTIFS('Deviation Log'!$D$5:$D$400,B5,'Deviation Log'!$F$5:$F$400,C5,'Deviation Log'!$O$5:$O$400,"Yes") -> 3 | F5: =_xlfn.MINIFS('Deviation Log'!$B$5:$B$400,'Deviation Log'!$D$5:$D$400,B5,'Deviation Log'!$F$5:$F$400,C5) -> 45944 | G5: =_xlfn.MAXIFS('Deviation Log'!$B$5:$B$400,'Deviation Log'!$D$5:$D$400,B5,'Deviation Log'!$F$5:$F$400,C5) -> 46252 | H5: =COUNTIFS('Deviation Log'!$D$5:$D$400,B5,'Deviation Log'!$F$5:$F$400,C5,'Deviation Log'!$I$5:$I$400,"?*") -> 4 | I5: =COUNTIFS('Deviation Log'!$D$5:$D$400,B5,'Deviation Log'!$F$5:$F$400,C5,'Deviation Log'!$R$5:$R$400,"Ineffective") -> 2 | J5: =COUNTIFS('Deviation Log'!$D$5:$D$400,B5,'Deviation Log'!$F$5:$F$400,C5,'Deviation Log'!$I$5:$I$400,"?*",'Deviation Log'!$Q$5:$Q$400,"<>Closed") -> 1 | K5: =IF(I5>0,"CAPA ineffective",IF(J5>0,"CAPA open",IF(H5=0,"No CAPA yet","Check pending"))) -> CAPA ineffective
A6: Facilities | B6: Cleanroom HVAC AHU-2 | C6: Environmental excursion | D6: =COUNTIFS('Deviation Log'!$D$5:$D$400,B6,'Deviation Log'!$F$5:$F$400,C6) -> 3 | E6: =COUNTIFS('Deviation Log'!$D$5:$D$400,B6,'Deviation Log'!$F$5:$F$400,C6,'Deviation Log'!$O$5:$O$400,"Yes") -> 1 | F6: =_xlfn.MINIFS('Deviation Log'!$B$5:$B$400,'Deviation Log'!$D$5:$D$400,B6,'Deviation Log'!$F$5:$F$400,C6) -> 45775 | G6: =_xlfn.MAXIFS('Deviation Log'!$B$5:$B$400,'Deviation Log'!$D$5:$D$400,B6,'Deviation Log'!$F$5:$F$400,C6) -> 46206 | H6: =COUNTIFS('Deviation Log'!$D$5:$D$400,B6,'Deviation Log'!$F$5:$F$400,C6,'Deviation Log'!$I$5:$I$400,"?*") -> 2 | I6: =COUNTIFS('Deviation Log'!$D$5:$D$400,B6,'Deviation Log'!$F$5:$F$400,C6,'Deviation Log'!$R$5:$R$400,"Ineffective") -> 0 | J6: =COUNTIFS('Deviation Log'!$D$5:$D$400,B6,'Deviation Log'!$F$5:$F$400,C6,'Deviation Log'!$I$5:$I$400,"?*",'Deviation Log'!$Q$5:$Q$400,"<>Closed") -> 0 | K6: =IF(I6>0,"CAPA ineffective",IF(J6>0,"CAPA open",IF(H6=0,"No CAPA yet","Check pending"))) -> Check pending
A7: QC Microbiology | B7: Incubator INC-04 | C7: Calibration overdue | D7: =COUNTIFS('Deviation Log'!$D$5:$D$400,B7,'Deviation Log'!$F$5:$F$400,C7) -> 3 | E7: =COUNTIFS('Deviation Log'!$D$5:$D$400,B7,'Deviation Log'!$F$5:$F$400,C7,'Deviation Log'!$O$5:$O$400,"Yes") -> 2 | F7: =_xlfn.MINIFS('Deviation Log'!$B$5:$B$400,'Deviation Log'!$D$5:$D$400,B7,'Deviation Log'!$F$5:$F$400,C7) -> 46056 | G7: =_xlfn.MAXIFS('Deviation Log'!$B$5:$B$400,'Deviation Log'!$D$5:$D$400,B7,'Deviation Log'!$F$5:$F$400,C7) -> 46238 | H7: =COUNTIFS('Deviation Log'!$D$5:$D$400,B7,'Deviation Log'!$F$5:$F$400,C7,'Deviation Log'!$I$5:$I$400,"?*") -> 2 | I7: =COUNTIFS('Deviation Log'!$D$5:$D$400,B7,'Deviation Log'!$F$5:$F$400,C7,'Deviation Log'!$R$5:$R$400,"Ineffective") -> 0 | J7: =COUNTIFS('Deviation Log'!$D$5:$D$400,B7,'Deviation Log'!$F$5:$F$400,C7,'Deviation Log'!$I$5:$I$400,"?*",'Deviation Log'!$Q$5:$Q$400,"<>Closed") -> 1 | K7: =IF(I7>0,"CAPA ineffective",IF(J7>0,"CAPA open",IF(H7=0,"No CAPA yet","Check pending"))) -> CAPA open
A8: QC Microbiology | B8: Endotoxin (LAL) testing | C8: GDP / documentation error | D8: =COUNTIFS('Deviation Log'!$D$5:$D$400,B8,'Deviation Log'!$F$5:$F$400,C8) -> 2 | E8: =COUNTIFS('Deviation Log'!$D$5:$D$400,B8,'Deviation Log'!$F$5:$F$400,C8,'Deviation Log'!$O$5:$O$400,"Yes") -> 1 | F8: =_xlfn.MINIFS('Deviation Log'!$B$5:$B$400,'Deviation Log'!$D$5:$D$400,B8,'Deviation Log'!$F$5:$F$400,C8) -> 45837 | G8: =_xlfn.MAXIFS('Deviation Log'!$B$5:$B$400,'Deviation Log'!$D$5:$D$400,B8,'Deviation Log'!$F$5:$F$400,C8) -> 45946 | H8: =COUNTIFS('Deviation Log'!$D$5:$D$400,B8,'Deviation Log'!$F$5:$F$400,C8,'Deviation Log'!$I$5:$I$400,"?*") -> 1 | I8: =COUNTIFS('Deviation Log'!$D$5:$D$400,B8,'Deviation Log'!$F$5:$F$400,C8,'Deviation Log'!$R$5:$R$400,"Ineffective") -> 0 | J8: =COUNTIFS('Deviation Log'!$D$5:$D$400,B8,'Deviation Log'!$F$5:$F$400,C8,'Deviation Log'!$I$5:$I$400,"?*",'Deviation Log'!$Q$5:$Q$400,"<>Closed") -> 0 | K8: =IF(I8>0,"CAPA ineffective",IF(J8>0,"CAPA open",IF(H8=0,"No CAPA yet","Check pending"))) -> Check pending
A9: Sterilization | B9: Aeration room AR-1 | C9: Equipment malfunction | D9: =COUNTIFS('Deviation Log'!$D$5:$D$400,B9,'Deviation Log'!$F$5:$F$400,C9) -> 2 | E9: =COUNTIFS('Deviation Log'!$D$5:$D$400,B9,'Deviation Log'!$F$5:$F$400,C9,'Deviation Log'!$O$5:$O$400,"Yes") -> 1 | F9: =_xlfn.MINIFS('Deviation Log'!$B$5:$B$400,'Deviation Log'!$D$5:$D$400,B9,'Deviation Log'!$F$5:$F$400,C9) -> 46125 | G9: =_xlfn.MAXIFS('Deviation Log'!$B$5:$B$400,'Deviation Log'!$D$5:$D$400,B9,'Deviation Log'!$F$5:$F$400,C9) -> 46144 | H9: =COUNTIFS('Deviation Log'!$D$5:$D$400,B9,'Deviation Log'!$F$5:$F$400,C9,'Deviation Log'!$I$5:$I$400,"?*") -> 1 | I9: =COUNTIFS('Deviation Log'!$D$5:$D$400,B9,'Deviation Log'!$F$5:$F$400,C9,'Deviation Log'!$R$5:$R$400,"Ineffective") -> 0 | J9: =COUNTIFS('Deviation Log'!$D$5:$D$400,B9,'Deviation Log'!$F$5:$F$400,C9,'Deviation Log'!$I$5:$I$400,"?*",'Deviation Log'!$Q$5:$Q$400,"<>Closed") -> 0 | K9: =IF(I9>0,"CAPA ineffective",IF(J9>0,"CAPA open",IF(H9=0,"No CAPA yet","Check pending"))) -> Check pending
A10: Valve assembly | B10: Leaflet suturing cell 2 | C10: GDP / documentation error | D10: =COUNTIFS('Deviation Log'!$D$5:$D$400,B10,'Deviation Log'!$F$5:$F$400,C10) -> 2 | E10: =COUNTIFS('Deviation Log'!$D$5:$D$400,B10,'Deviation Log'!$F$5:$F$400,C10,'Deviation Log'!$O$5:$O$400,"Yes") -> 1 | F10: =_xlfn.MINIFS('Deviation Log'!$B$5:$B$400,'Deviation Log'!$D$5:$D$400,B10,'Deviation Log'!$F$5:$F$400,C10) -> 45944 | G10: =_xlfn.MAXIFS('Deviation Log'!$B$5:$B$400,'Deviation Log'!$D$5:$D$400,B10,'Deviation Log'!$F$5:$F$400,C10) -> 45953 | H10: =COUNTIFS('Deviation Log'!$D$5:$D$400,B10,'Deviation Log'!$F$5:$F$400,C10,'Deviation Log'!$I$5:$I$400,"?*") -> 1 | I10: =COUNTIFS('Deviation Log'!$D$5:$D$400,B10,'Deviation Log'!$F$5:$F$400,C10,'Deviation Log'!$R$5:$R$400,"Ineffective") -> 0 | J10: =COUNTIFS('Deviation Log'!$D$5:$D$400,B10,'Deviation Log'!$F$5:$F$400,C10,'Deviation Log'!$I$5:$I$400,"?*",'Deviation Log'!$Q$5:$Q$400,"<>Closed") -> 0 | K10: =IF(I10>0,"CAPA ineffective",IF(J10>0,"CAPA open",IF(H10=0,"No CAPA yet","Check pending"))) -> Check pending
A12: Pairs are listed for the sample data. To check a new pair, type its area, equipment and root cause in the next row and copy the formulas down.
