Workbook

Sheet README
A1: Environmental Monitoring QC Trend Report
A2: Portfolio project by Dennis Nguyen. ALL DATA IS SYNTHETIC; limits are illustrative, not from any real SOP.
A4: Pipeline: Python generates ~4,000 EM results -> SQLite (sql/schema.sql) -> SQL analysis (sql/analysis_queries.sql)
A5: -> this workbook, where formulas classify every result and build the monthly summary and charts.
A7: Sheets:
A8: RawData - every sample; formulas look up alert/action limits and flag Pass / Alert / Action.
A9: Limits - alert and action limits by sample type (edit here, everything recalculates).
A10: MonthlySummary - samples, alerts, actions, excursion % per room per month (COUNTIFS).
A11: RoomTrend - SQL output: rooms whose last-30-day excursion rate is above their 90-day baseline.
A12: RepeatExcursions - SQL output: same room + sample type over a limit 3+ times in 14 days.
A13: Weekly - filled by the BuildWeeklyReport macro.
A15: Automation: import vba/EMReport.bas, save as .xlsm, then run BuildWeeklyReport. It asks for a week-ending date,
A16: copies that week's results to the Weekly sheet, totals excursions by room, highlights Action results, and saves a PDF.

Sheet MonthlySummary
A1: Excursion rate (% of samples at Alert or Action) by room and month
A3: Month | B3: CR-101 | C3: CR-102 | D3: CR-201 | E3: CR-202 | F3: Gowning | G3: All rooms | H3: Action results
A4: 46023 | B4: =IFERROR(COUNTIFS(RawData!$K$2:$K$3611,$A4,RawData!$C$2:$C$3611,B$3,RawData!$J$2:$J$3611,"<>Pass")/COUNTIFS(RawData!$K$2:$K$3611,$A4,RawData!$C$2:$C$3611,B$3),"") | C4: =IFERROR(COUNTIFS(RawData!$K$2:$K$3611,$A4,RawData!$C$2:$C$3611,C$3,RawData!$J$2:$J$3611,"<>Pass")/COUNTIFS(RawData!$K$2:$K$3611,$A4,RawData!$C$2:$C$3611,C$3),"") | D4: =IFERROR(COUNTIFS(RawData!$K$2:$K$3611,$A4,RawData!$C$2:$C$3611,D$3,RawData!$J$2:$J$3611,"<>Pass")/COUNTIFS(RawData!$K$2:$K$3611,$A4,RawData!$C$2:$C$3611,D$3),"") | E4: =IFERROR(COUNTIFS(RawData!$K$2:$K$3611,$A4,RawData!$C$2:$C$3611,E$3,RawData!$J$2:$J$3611,"<>Pass")/COUNTIFS(RawData!$K$2:$K$3611,$A4,RawData!$C$2:$C$3611,E$3),"") | F4: =IFERROR(COUNTIFS(RawData!$K$2:$K$3611,$A4,RawData!$C$2:$C$3611,F$3,RawData!$J$2:$J$3611,"<>Pass")/COUNTIFS(RawData!$K$2:$K$3611,$A4,RawData!$C$2:$C$3611,F$3),"") | G4: =IFERROR(COUNTIFS(RawData!$K$2:$K$3611,$A4,RawData!$J$2:$J$3611,"<>Pass")/COUNTIFS(RawData!$K$2:$K$3611,$A4),"") | H4: =COUNTIFS(RawData!$K$2:$K$3611,$A4,RawData!$J$2:$J$3611,"Action")
A5: 46054 | B5: =IFERROR(COUNTIFS(RawData!$K$2:$K$3611,$A5,RawData!$C$2:$C$3611,B$3,RawData!$J$2:$J$3611,"<>Pass")/COUNTIFS(RawData!$K$2:$K$3611,$A5,RawData!$C$2:$C$3611,B$3),"") | C5: =IFERROR(COUNTIFS(RawData!$K$2:$K$3611,$A5,RawData!$C$2:$C$3611,C$3,RawData!$J$2:$J$3611,"<>Pass")/COUNTIFS(RawData!$K$2:$K$3611,$A5,RawData!$C$2:$C$3611,C$3),"") | D5: =IFERROR(COUNTIFS(RawData!$K$2:$K$3611,$A5,RawData!$C$2:$C$3611,D$3,RawData!$J$2:$J$3611,"<>Pass")/COUNTIFS(RawData!$K$2:$K$3611,$A5,RawData!$C$2:$C$3611,D$3),"") | E5: =IFERROR(COUNTIFS(RawData!$K$2:$K$3611,$A5,RawData!$C$2:$C$3611,E$3,RawData!$J$2:$J$3611,"<>Pass")/COUNTIFS(RawData!$K$2:$K$3611,$A5,RawData!$C$2:$C$3611,E$3),"") | F5: =IFERROR(COUNTIFS(RawData!$K$2:$K$3611,$A5,RawData!$C$2:$C$3611,F$3,RawData!$J$2:$J$3611,"<>Pass")/COUNTIFS(RawData!$K$2:$K$3611,$A5,RawData!$C$2:$C$3611,F$3),"") | G5: =IFERROR(COUNTIFS(RawData!$K$2:$K$3611,$A5,RawData!$J$2:$J$3611,"<>Pass")/COUNTIFS(RawData!$K$2:$K$3611,$A5),"") | H5: =COUNTIFS(RawData!$K$2:$K$3611,$A5,RawData!$J$2:$J$3611,"Action")
A6: 46082 | B6: =IFERROR(COUNTIFS(RawData!$K$2:$K$3611,$A6,RawData!$C$2:$C$3611,B$3,RawData!$J$2:$J$3611,"<>Pass")/COUNTIFS(RawData!$K$2:$K$3611,$A6,RawData!$C$2:$C$3611,B$3),"") | C6: =IFERROR(COUNTIFS(RawData!$K$2:$K$3611,$A6,RawData!$C$2:$C$3611,C$3,RawData!$J$2:$J$3611,"<>Pass")/COUNTIFS(RawData!$K$2:$K$3611,$A6,RawData!$C$2:$C$3611,C$3),"") | D6: =IFERROR(COUNTIFS(RawData!$K$2:$K$3611,$A6,RawData!$C$2:$C$3611,D$3,RawData!$J$2:$J$3611,"<>Pass")/COUNTIFS(RawData!$K$2:$K$3611,$A6,RawData!$C$2:$C$3611,D$3),"") | E6: =IFERROR(COUNTIFS(RawData!$K$2:$K$3611,$A6,RawData!$C$2:$C$3611,E$3,RawData!$J$2:$J$3611,"<>Pass")/COUNTIFS(RawData!$K$2:$K$3611,$A6,RawData!$C$2:$C$3611,E$3),"") | F6: =IFERROR(COUNTIFS(RawData!$K$2:$K$3611,$A6,RawData!$C$2:$C$3611,F$3,RawData!$J$2:$J$3611,"<>Pass")/COUNTIFS(RawData!$K$2:$K$3611,$A6,RawData!$C$2:$C$3611,F$3),"") | G6: =IFERROR(COUNTIFS(RawData!$K$2:$K$3611,$A6,RawData!$J$2:$J$3611,"<>Pass")/COUNTIFS(RawData!$K$2:$K$3611,$A6),"") | H6: =COUNTIFS(RawData!$K$2:$K$3611,$A6,RawData!$J$2:$J$3611,"Action")
A7: 46113 | B7: =IFERROR(COUNTIFS(RawData!$K$2:$K$3611,$A7,RawData!$C$2:$C$3611,B$3,RawData!$J$2:$J$3611,"<>Pass")/COUNTIFS(RawData!$K$2:$K$3611,$A7,RawData!$C$2:$C$3611,B$3),"") | C7: =IFERROR(COUNTIFS(RawData!$K$2:$K$3611,$A7,RawData!$C$2:$C$3611,C$3,RawData!$J$2:$J$3611,"<>Pass")/COUNTIFS(RawData!$K$2:$K$3611,$A7,RawData!$C$2:$C$3611,C$3),"") | D7: =IFERROR(COUNTIFS(RawData!$K$2:$K$3611,$A7,RawData!$C$2:$C$3611,D$3,RawData!$J$2:$J$3611,"<>Pass")/COUNTIFS(RawData!$K$2:$K$3611,$A7,RawData!$C$2:$C$3611,D$3),"") | E7: =IFERROR(COUNTIFS(RawData!$K$2:$K$3611,$A7,RawData!$C$2:$C$3611,E$3,RawData!$J$2:$J$3611,"<>Pass")/COUNTIFS(RawData!$K$2:$K$3611,$A7,RawData!$C$2:$C$3611,E$3),"") | F7: =IFERROR(COUNTIFS(RawData!$K$2:$K$3611,$A7,RawData!$C$2:$C$3611,F$3,RawData!$J$2:$J$3611,"<>Pass")/COUNTIFS(RawData!$K$2:$K$3611,$A7,RawData!$C$2:$C$3611,F$3),"") | G7: =IFERROR(COUNTIFS(RawData!$K$2:$K$3611,$A7,RawData!$J$2:$J$3611,"<>Pass")/COUNTIFS(RawData!$K$2:$K$3611,$A7),"") | H7: =COUNTIFS(RawData!$K$2:$K$3611,$A7,RawData!$J$2:$J$3611,"Action")
A8: 46143 | B8: =IFERROR(COUNTIFS(RawData!$K$2:$K$3611,$A8,RawData!$C$2:$C$3611,B$3,RawData!$J$2:$J$3611,"<>Pass")/COUNTIFS(RawData!$K$2:$K$3611,$A8,RawData!$C$2:$C$3611,B$3),"") | C8: =IFERROR(COUNTIFS(RawData!$K$2:$K$3611,$A8,RawData!$C$2:$C$3611,C$3,RawData!$J$2:$J$3611,"<>Pass")/COUNTIFS(RawData!$K$2:$K$3611,$A8,RawData!$C$2:$C$3611,C$3),"") | D8: =IFERROR(COUNTIFS(RawData!$K$2:$K$3611,$A8,RawData!$C$2:$C$3611,D$3,RawData!$J$2:$J$3611,"<>Pass")/COUNTIFS(RawData!$K$2:$K$3611,$A8,RawData!$C$2:$C$3611,D$3),"") | E8: =IFERROR(COUNTIFS(RawData!$K$2:$K$3611,$A8,RawData!$C$2:$C$3611,E$3,RawData!$J$2:$J$3611,"<>Pass")/COUNTIFS(RawData!$K$2:$K$3611,$A8,RawData!$C$2:$C$3611,E$3),"") | F8: =IFERROR(COUNTIFS(RawData!$K$2:$K$3611,$A8,RawData!$C$2:$C$3611,F$3,RawData!$J$2:$J$3611,"<>Pass")/COUNTIFS(RawData!$K$2:$K$3611,$A8,RawData!$C$2:$C$3611,F$3),"") | G8: =IFERROR(COUNTIFS(RawData!$K$2:$K$3611,$A8,RawData!$J$2:$J$3611,"<>Pass")/COUNTIFS(RawData!$K$2:$K$3611,$A8),"") | H8: =COUNTIFS(RawData!$K$2:$K$3611,$A8,RawData!$J$2:$J$3611,"Action")
A9: 46174 | B9: =IFERROR(COUNTIFS(RawData!$K$2:$K$3611,$A9,RawData!$C$2:$C$3611,B$3,RawData!$J$2:$J$3611,"<>Pass")/COUNTIFS(RawData!$K$2:$K$3611,$A9,RawData!$C$2:$C$3611,B$3),"") | C9: =IFERROR(COUNTIFS(RawData!$K$2:$K$3611,$A9,RawData!$C$2:$C$3611,C$3,RawData!$J$2:$J$3611,"<>Pass")/COUNTIFS(RawData!$K$2:$K$3611,$A9,RawData!$C$2:$C$3611,C$3),"") | D9: =IFERROR(COUNTIFS(RawData!$K$2:$K$3611,$A9,RawData!$C$2:$C$3611,D$3,RawData!$J$2:$J$3611,"<>Pass")/COUNTIFS(RawData!$K$2:$K$3611,$A9,RawData!$C$2:$C$3611,D$3),"") | E9: =IFERROR(COUNTIFS(RawData!$K$2:$K$3611,$A9,RawData!$C$2:$C$3611,E$3,RawData!$J$2:$J$3611,"<>Pass")/COUNTIFS(RawData!$K$2:$K$3611,$A9,RawData!$C$2:$C$3611,E$3),"") | F9: =IFERROR(COUNTIFS(RawData!$K$2:$K$3611,$A9,RawData!$C$2:$C$3611,F$3,RawData!$J$2:$J$3611,"<>Pass")/COUNTIFS(RawData!$K$2:$K$3611,$A9,RawData!$C$2:$C$3611,F$3),"") | G9: =IFERROR(COUNTIFS(RawData!$K$2:$K$3611,$A9,RawData!$J$2:$J$3611,"<>Pass")/COUNTIFS(RawData!$K$2:$K$3611,$A9),"") | H9: =COUNTIFS(RawData!$K$2:$K$3611,$A9,RawData!$J$2:$J$3611,"Action")
A10: 46204 | B10: =IFERROR(COUNTIFS(RawData!$K$2:$K$3611,$A10,RawData!$C$2:$C$3611,B$3,RawData!$J$2:$J$3611,"<>Pass")/COUNTIFS(RawData!$K$2:$K$3611,$A10,RawData!$C$2:$C$3611,B$3),"") | C10: =IFERROR(COUNTIFS(RawData!$K$2:$K$3611,$A10,RawData!$C$2:$C$3611,C$3,RawData!$J$2:$J$3611,"<>Pass")/COUNTIFS(RawData!$K$2:$K$3611,$A10,RawData!$C$2:$C$3611,C$3),"") | D10: =IFERROR(COUNTIFS(RawData!$K$2:$K$3611,$A10,RawData!$C$2:$C$3611,D$3,RawData!$J$2:$J$3611,"<>Pass")/COUNTIFS(RawData!$K$2:$K$3611,$A10,RawData!$C$2:$C$3611,D$3),"") | E10: =IFERROR(COUNTIFS(RawData!$K$2:$K$3611,$A10,RawData!$C$2:$C$3611,E$3,RawData!$J$2:$J$3611,"<>Pass")/COUNTIFS(RawData!$K$2:$K$3611,$A10,RawData!$C$2:$C$3611,E$3),"") | F10: =IFERROR(COUNTIFS(RawData!$K$2:$K$3611,$A10,RawData!$C$2:$C$3611,F$3,RawData!$J$2:$J$3611,"<>Pass")/COUNTIFS(RawData!$K$2:$K$3611,$A10,RawData!$C$2:$C$3611,F$3),"") | G10: =IFERROR(COUNTIFS(RawData!$K$2:$K$3611,$A10,RawData!$J$2:$J$3611,"<>Pass")/COUNTIFS(RawData!$K$2:$K$3611,$A10),"") | H10: =COUNTIFS(RawData!$K$2:$K$3611,$A10,RawData!$J$2:$J$3611,"Action")
A11: 46235 | B11: =IFERROR(COUNTIFS(RawData!$K$2:$K$3611,$A11,RawData!$C$2:$C$3611,B$3,RawData!$J$2:$J$3611,"<>Pass")/COUNTIFS(RawData!$K$2:$K$3611,$A11,RawData!$C$2:$C$3611,B$3),"") | C11: =IFERROR(COUNTIFS(RawData!$K$2:$K$3611,$A11,RawData!$C$2:$C$3611,C$3,RawData!$J$2:$J$3611,"<>Pass")/COUNTIFS(RawData!$K$2:$K$3611,$A11,RawData!$C$2:$C$3611,C$3),"") | D11: =IFERROR(COUNTIFS(RawData!$K$2:$K$3611,$A11,RawData!$C$2:$C$3611,D$3,RawData!$J$2:$J$3611,"<>Pass")/COUNTIFS(RawData!$K$2:$K$3611,$A11,RawData!$C$2:$C$3611,D$3),"") | E11: =IFERROR(COUNTIFS(RawData!$K$2:$K$3611,$A11,RawData!$C$2:$C$3611,E$3,RawData!$J$2:$J$3611,"<>Pass")/COUNTIFS(RawData!$K$2:$K$3611,$A11,RawData!$C$2:$C$3611,E$3),"") | F11: =IFERROR(COUNTIFS(RawData!$K$2:$K$3611,$A11,RawData!$C$2:$C$3611,F$3,RawData!$J$2:$J$3611,"<>Pass")/COUNTIFS(RawData!$K$2:$K$3611,$A11,RawData!$C$2:$C$3611,F$3),"") | G11: =IFERROR(COUNTIFS(RawData!$K$2:$K$3611,$A11,RawData!$J$2:$J$3611,"<>Pass")/COUNTIFS(RawData!$K$2:$K$3611,$A11),"") | H11: =COUNTIFS(RawData!$K$2:$K$3611,$A11,RawData!$J$2:$J$3611,"Action")
A12: 46266 | B12: =IFERROR(COUNTIFS(RawData!$K$2:$K$3611,$A12,RawData!$C$2:$C$3611,B$3,RawData!$J$2:$J$3611,"<>Pass")/COUNTIFS(RawData!$K$2:$K$3611,$A12,RawData!$C$2:$C$3611,B$3),"") | C12: =IFERROR(COUNTIFS(RawData!$K$2:$K$3611,$A12,RawData!$C$2:$C$3611,C$3,RawData!$J$2:$J$3611,"<>Pass")/COUNTIFS(RawData!$K$2:$K$3611,$A12,RawData!$C$2:$C$3611,C$3),"") | D12: =IFERROR(COUNTIFS(RawData!$K$2:$K$3611,$A12,RawData!$C$2:$C$3611,D$3,RawData!$J$2:$J$3611,"<>Pass")/COUNTIFS(RawData!$K$2:$K$3611,$A12,RawData!$C$2:$C$3611,D$3),"") | E12: =IFERROR(COUNTIFS(RawData!$K$2:$K$3611,$A12,RawData!$C$2:$C$3611,E$3,RawData!$J$2:$J$3611,"<>Pass")/COUNTIFS(RawData!$K$2:$K$3611,$A12,RawData!$C$2:$C$3611,E$3),"") | F12: =IFERROR(COUNTIFS(RawData!$K$2:$K$3611,$A12,RawData!$C$2:$C$3611,F$3,RawData!$J$2:$J$3611,"<>Pass")/COUNTIFS(RawData!$K$2:$K$3611,$A12,RawData!$C$2:$C$3611,F$3),"") | G12: =IFERROR(COUNTIFS(RawData!$K$2:$K$3611,$A12,RawData!$J$2:$J$3611,"<>Pass")/COUNTIFS(RawData!$K$2:$K$3611,$A12),"") | H12: =COUNTIFS(RawData!$K$2:$K$3611,$A12,RawData!$J$2:$J$3611,"Action")

Sheet Limits
A1: SampleType | B1: AlertLimit | C1: ActionLimit
A2: Active air | B2: 5 | C2: 10
A3: Surface contact | B3: 3 | C3: 5
A4: Compressed air | B4: 1 | C4: 3
A5: Personnel glove | B5: 1 | C5: 3

Sheet RawData
A1: SampleID | B1: Date | C1: Room | D1: ISO | E1: SampleType | F1: CFU | G1: Analyst | H1: AlertLimit | I1: ActionLimit | J1: Result | K1: Month
A2: EM000001 | B2: 46027 | C2: CR-101 | D2: ISO 7 | E2: Active air | F2: 0 | G2: Tech B | H2: =INDEX(Limits!$B$2:$B$5,MATCH(E2,Limits!$A$2:$A$5,0)) | I2: =INDEX(Limits!$C$2:$C$5,MATCH(E2,Limits!$A$2:$A$5,0)) | J2: =IF(F2>=I2,"Action",IF(F2>=H2,"Alert","Pass")) | K2: =DATE(YEAR(B2),MONTH(B2),1)
A3: EM000002 | B3: 46027 | C3: CR-101 | D3: ISO 7 | E3: Surface contact | F3: 0 | G3: Tech C | H3: =INDEX(Limits!$B$2:$B$5,MATCH(E3,Limits!$A$2:$A$5,0)) | I3: =INDEX(Limits!$C$2:$C$5,MATCH(E3,Limits!$A$2:$A$5,0)) | J3: =IF(F3>=I3,"Action",IF(F3>=H3,"Alert","Pass")) | K3: =DATE(YEAR(B3),MONTH(B3),1)
A4: EM000003 | B4: 46027 | C4: CR-101 | D4: ISO 7 | E4: Compressed air | F4: 0 | G4: Tech B | H4: =INDEX(Limits!$B$2:$B$5,MATCH(E4,Limits!$A$2:$A$5,0)) | I4: =INDEX(Limits!$C$2:$C$5,MATCH(E4,Limits!$A$2:$A$5,0)) | J4: =IF(F4>=I4,"Action",IF(F4>=H4,"Alert","Pass")) | K4: =DATE(YEAR(B4),MONTH(B4),1)
A5: EM000004 | B5: 46027 | C5: CR-101 | D5: ISO 7 | E5: Personnel glove | F5: 0 | G5: Tech A | H5: =INDEX(Limits!$B$2:$B$5,MATCH(E5,Limits!$A$2:$A$5,0)) | I5: =INDEX(Limits!$C$2:$C$5,MATCH(E5,Limits!$A$2:$A$5,0)) | J5: =IF(F5>=I5,"Action",IF(F5>=H5,"Alert","Pass")) | K5: =DATE(YEAR(B5),MONTH(B5),1)
A6: EM000005 | B6: 46027 | C6: CR-102 | D6: ISO 7 | E6: Active air | F6: 0 | G6: Tech B | H6: =INDEX(Limits!$B$2:$B$5,MATCH(E6,Limits!$A$2:$A$5,0)) | I6: =INDEX(Limits!$C$2:$C$5,MATCH(E6,Limits!$A$2:$A$5,0)) | J6: =IF(F6>=I6,"Action",IF(F6>=H6,"Alert","Pass")) | K6: =DATE(YEAR(B6),MONTH(B6),1)
A7: EM000006 | B7: 46027 | C7: CR-102 | D7: ISO 7 | E7: Surface contact | F7: 0 | G7: Tech C | H7: =INDEX(Limits!$B$2:$B$5,MATCH(E7,Limits!$A$2:$A$5,0)) | I7: =INDEX(Limits!$C$2:$C$5,MATCH(E7,Limits!$A$2:$A$5,0)) | J7: =IF(F7>=I7,"Action",IF(F7>=H7,"Alert","Pass")) | K7: =DATE(YEAR(B7),MONTH(B7),1)
A8: EM000007 | B8: 46027 | C8: CR-102 | D8: ISO 7 | E8: Compressed air | F8: 0 | G8: Tech B | H8: =INDEX(Limits!$B$2:$B$5,MATCH(E8,Limits!$A$2:$A$5,0)) | I8: =INDEX(Limits!$C$2:$C$5,MATCH(E8,Limits!$A$2:$A$5,0)) | J8: =IF(F8>=I8,"Action",IF(F8>=H8,"Alert","Pass")) | K8: =DATE(YEAR(B8),MONTH(B8),1)
A9: EM000008 | B9: 46027 | C9: CR-102 | D9: ISO 7 | E9: Personnel glove | F9: 0 | G9: Tech D | H9: =INDEX(Limits!$B$2:$B$5,MATCH(E9,Limits!$A$2:$A$5,0)) | I9: =INDEX(Limits!$C$2:$C$5,MATCH(E9,Limits!$A$2:$A$5,0)) | J9: =IF(F9>=I9,"Action",IF(F9>=H9,"Alert","Pass")) | K9: =DATE(YEAR(B9),MONTH(B9),1)
A10: EM000009 | B10: 46027 | C10: CR-201 | D10: ISO 8 | E10: Active air | F10: 2 | G10: Tech B | H10: =INDEX(Limits!$B$2:$B$5,MATCH(E10,Limits!$A$2:$A$5,0)) | I10: =INDEX(Limits!$C$2:$C$5,MATCH(E10,Limits!$A$2:$A$5,0)) | J10: =IF(F10>=I10,"Action",IF(F10>=H10,"Alert","Pass")) | K10: =DATE(YEAR(B10),MONTH(B10),1)
A11: EM000010 | B11: 46027 | C11: CR-201 | D11: ISO 8 | E11: Surface contact | F11: 0 | G11: Tech D | H11: =INDEX(Limits!$B$2:$B$5,MATCH(E11,Limits!$A$2:$A$5,0)) | I11: =INDEX(Limits!$C$2:$C$5,MATCH(E11,Limits!$A$2:$A$5,0)) | J11: =IF(F11>=I11,"Action",IF(F11>=H11,"Alert","Pass")) | K11: =DATE(YEAR(B11),MONTH(B11),1)
A12: EM000011 | B12: 46027 | C12: CR-201 | D12: ISO 8 | E12: Compressed air | F12: 0 | G12: Tech D | H12: =INDEX(Limits!$B$2:$B$5,MATCH(E12,Limits!$A$2:$A$5,0)) | I12: =INDEX(Limits!$C$2:$C$5,MATCH(E12,Limits!$A$2:$A$5,0)) | J12: =IF(F12>=I12,"Action",IF(F12>=H12,"Alert","Pass")) | K12: =DATE(YEAR(B12),MONTH(B12),1)
A13: EM000012 | B13: 46027 | C13: CR-201 | D13: ISO 8 | E13: Personnel glove | F13: 0 | G13: Tech B | H13: =INDEX(Limits!$B$2:$B$5,MATCH(E13,Limits!$A$2:$A$5,0)) | I13: =INDEX(Limits!$C$2:$C$5,MATCH(E13,Limits!$A$2:$A$5,0)) | J13: =IF(F13>=I13,"Action",IF(F13>=H13,"Alert","Pass")) | K13: =DATE(YEAR(B13),MONTH(B13),1)
... A3611: EM003610 | B3611: 46290 | C3611: Gowning | D3611: ISO 8 | E3611: Personnel glove | F3611: 0 | G3611: Tech A | H3611: =INDEX(Limits!$B$2:$B$5,MATCH(E3611,Limits!$A$2:$A$5,0)) | I3611: =INDEX(Limits!$C$2:$C$5,MATCH(E3611,Limits!$A$2:$A$5,0)) | J3611: =IF(F3611>=I3611,"Action",IF(F3611>=H3611,"Alert","Pass")) | K3611: =DATE(YEAR(B3611),MONTH(B3611),1)

Sheet RoomTrend
A1: room | B1: baseline_pct | C1: last30_pct | D1: change_pts
A2: CR-101 | B2: 1.17 | C2: 3.41 | D2: 2.24
A3: Gowning | B3: 7.29 | C3: 7.58 | D3: 0.28

Sheet RepeatExcursions
A1: room | B1: sample_type | C1: sample_date | D1: excursions_in_14_days
A2: CR-202 | B2: Surface contact | C2: 2026-02-10 | D2: 3
A3: CR-102 | B3: Compressed air | C3: 2026-02-26 | D3: 3
A4: Gowning | B4: Personnel glove | C4: 2026-03-02 | D4: 3
A5: Gowning | B5: Personnel glove | C5: 2026-05-12 | D5: 3
A6: CR-202 | B6: Surface contact | C6: 2026-07-09 | D6: 3
A7: CR-202 | B7: Personnel glove | C7: 2026-07-09 | D7: 3
A8: CR-202 | B8: Surface contact | C8: 2026-07-13 | D8: 4
A9: CR-202 | B9: Personnel glove | C9: 2026-07-13 | D9: 3
A10: CR-202 | B10: Personnel glove | C10: 2026-07-15 | D10: 4
A11: CR-202 | B11: Personnel glove | C11: 2026-07-16 | D11: 5
A12: CR-201 | B12: Personnel glove | C12: 2026-07-21 | D12: 3
A13: CR-201 | B13: Personnel glove | C13: 2026-07-23 | D13: 4
... A23: Gowning | B23: Personnel glove | C23: 2026-09-23 | D23: 3

Sheet Weekly
A1: Run BuildWeeklyReport (vba/EMReport.bas) to fill this sheet.
